user_id,gender,age,archetype,personality_openness,personality_conscientiousness,personality_extraversion,personality_agreeableness,personality_neuroticism,religion_religiosity,religion_spirituality,religion_secular_lean,values_family_priority,values_career_priority,values_adventure_seeking,values_stability_need,values_social_justice,education_level,education_field,content_news_frequency,content_book_reader,content_podcast_listener,content_social_media_usage,content_streaming_hours,friends_group_size_pref,friends_loyalty_importance,friends_social_frequency,friends_new_people_openness,media_genres,perspectives_political_leaning,perspectives_open_to_debate,perspectives_global_mindset,perspectives_local_focus,preferences_indoor_outdoor,preferences_city_nature,preferences_routine_spontaneous,preferences_planning_impulsive,substances_alcohol_frequency,substances_caffeine_dependency,substances_dietary_flexibility,self_life_satisfaction,self_confidence_level,self_growth_mindset,self_awareness,traits_humor,traits_creativity,traits_empathy,traits_ambition,traits_authenticity,background_hometown_size,background_relationship_status,background_has_kids,background_birth_order,available_days,pref_cuisine_italian,pref_cuisine_japanese,pref_cuisine_mexican,pref_cuisine_american,pref_cuisine_indian,pref_cuisine_thai,pref_cuisine_mediterranean
U0001,M,31,social,5,6,7,6,4,3,4,4,5,3,6,6,5,Master's,Health & Medicine,6,4,4,7,6,7,4,7,7,Documentary|Thriller|Animation,5,6,7,3,6,5,7,4,5,4,2,5,5,5,5,7,6,6,4,7,Urban,Single,No,Oldest,Tuesday|Thursday|Saturday,1,3,7,1,5,7,6
U0002,F,35,professional,7,7,5,7,4,2,5,4,3,6,3,6,5,Bachelor's,Social Sciences,1,5,5,6,3,7,7,4,6,Comedy|Documentary,5,5,6,4,3,6,6,3,3,3,7,6,7,7,6,5,7,6,7,4,Suburban,Prefer Not to Say,No,Oldest,Wednesday|Sunday,5,6,1,5,1,4,2
U0003,F,29,creative,5,1,5,4,5,6,6,3,4,3,6,3,5,Bachelor's,Law & Policy,4,6,7,4,6,5,6,5,7,Drama|Sci-Fi|Horror|Documentary|Thriller|Animation,1,6,5,4,7,6,6,4,4,3,3,4,6,7,7,7,7,7,3,7,Rural,Dating,Yes,Youngest,Monday|Tuesday|Saturday|Sunday,2,4,4,3,4,7,6
U0004,F,30,traditional,4,7,5,6,6,7,4,1,7,5,5,7,4,Some College,Social Sciences,5,4,4,5,1,6,7,2,2,Drama|Animation,6,3,4,6,2,6,3,1,5,4,2,5,6,6,6,6,5,6,4,7,Suburban,Single,No,Oldest,Monday|Tuesday|Friday,4,7,7,5,1,4,6
U0005,M,27,intellectual,7,6,2,4,4,1,4,5,5,6,6,4,6,PhD/Professional,Other,6,6,7,4,3,4,7,5,7,Drama|Romance|Thriller,1,5,5,6,5,4,4,3,7,6,5,6,6,7,6,6,7,7,7,6,Rural,Single,No,Only Child,Friday|Saturday,2,7,2,3,2,3,1
U0006,M,21,intellectual,7,6,3,3,3,1,5,5,3,7,5,7,4,Bachelor's,STEM,7,7,6,2,3,1,7,4,4,Drama|Sci-Fi|Documentary,1,5,7,4,6,5,3,7,7,5,1,5,5,6,7,4,7,6,7,7,Urban,Prefer Not to Say,No,Only Child,Monday|Thursday|Friday,5,3,5,3,4,5,4
U0007,M,21,adventurer,7,3,4,6,2,3,7,3,4,4,7,2,5,Bachelor's,Health & Medicine,4,3,6,6,1,6,6,4,6,Comedy|Drama|Sci-Fi|Romance|Documentary,2,7,7,4,6,7,7,7,5,3,7,6,5,5,4,7,5,7,7,6,Urban,Dating,No,Oldest,Wednesday|Thursday|Sunday,3,3,4,3,1,6,3
U0008,F,21,professional,6,7,5,5,3,6,3,3,3,7,5,5,6,Master's,Arts & Humanities,4,6,4,5,5,4,7,6,7,Sci-Fi|Romance|Documentary,5,4,6,2,3,6,3,4,4,7,5,5,7,4,7,4,7,5,7,7,Urban,Prefer Not to Say,No,Youngest,Tuesday|Sunday,2,6,1,7,7,4,5
U0009,F,27,traditional,1,7,5,7,2,7,4,1,6,6,3,7,3,Master's,STEM,6,5,4,5,3,5,6,4,4,Comedy|Romance|Horror|Thriller,7,6,4,4,4,7,2,1,3,5,4,6,7,6,5,6,2,6,4,6,Small Town,Open Relationship,No,Only Child,Monday|Thursday,2,3,5,5,1,6,3
U0010,F,29,creative,7,3,5,3,4,2,7,5,4,4,6,2,6,Some College,Law & Policy,5,4,5,3,5,3,5,5,6,Action|Horror|Documentary|Reality,3,7,5,2,6,7,5,5,7,4,7,6,7,6,6,5,7,5,7,7,Urban,Open Relationship,No,Youngest,Tuesday|Thursday|Saturday|Sunday,4,6,7,2,5,3,1
U0011,M,28,adventurer,4,5,6,6,3,3,6,5,4,6,7,3,5,High School,STEM,6,4,7,3,3,5,4,7,6,Comedy|Drama|Action|Horror|Documentary|Thriller,2,3,5,1,4,7,7,7,4,4,6,4,7,7,5,6,5,2,6,5,Rural,Open Relationship,Yes,Oldest,Monday|Wednesday|Friday,3,7,7,3,4,4,6
U0012,F,34,professional,7,7,7,5,3,2,2,6,5,7,4,5,6,Master's,Arts & Humanities,5,6,5,5,5,4,7,6,3,Drama|Action|Romance|Documentary|Animation,3,3,7,4,5,3,2,4,4,7,3,7,7,7,5,5,5,3,7,6,Suburban,Single,Yes,Only Child,Monday|Wednesday|Sunday,5,4,3,4,1,1,6
U0013,F,28,creative,7,5,7,5,5,5,6,4,4,3,6,2,5,Bachelor's,STEM,3,6,6,3,6,4,6,5,7,Drama|Sci-Fi|Documentary|Animation,1,7,5,4,4,7,6,4,6,5,7,4,6,7,7,6,6,6,6,7,Urban,Dating,No,Youngest,Monday|Friday,2,2,5,1,7,3,5
U0014,F,34,intellectual,7,6,3,4,1,4,3,5,1,5,3,7,7,Master's,STEM,6,7,7,3,1,6,5,2,6,Comedy|Drama|Action|Sci-Fi|Horror|Documentary|Thriller,5,7,7,5,5,5,4,4,4,5,5,3,5,6,6,5,7,7,5,6,Urban,Dating,Yes,Middle,Monday|Tuesday|Wednesday|Thursday,1,7,2,2,1,5,2
U0015,F,26,intellectual,7,7,4,4,4,1,6,5,4,5,7,3,7,Master's,Law & Policy,6,7,7,5,6,1,7,6,3,Drama|Sci-Fi|Documentary|Thriller,2,7,7,3,2,2,5,5,4,5,3,6,4,6,6,5,6,6,6,7,Rural,Dating,No,Only Child,Wednesday|Thursday|Friday|Saturday,7,4,1,4,4,3,6
U0016,M,27,intellectual,5,6,4,5,5,1,4,5,4,7,6,4,5,PhD/Professional,STEM,6,7,7,4,3,1,7,3,6,Drama|Action|Sci-Fi|Romance|Horror|Documentary,2,7,7,3,5,3,6,5,5,5,5,3,5,6,7,5,7,6,7,7,Suburban,Single,No,Oldest,Monday|Tuesday|Thursday|Sunday,7,3,7,3,5,3,2
U0017,M,33,intellectual,6,6,2,4,3,1,4,5,4,5,3,6,7,Bachelor's,Business,7,6,7,3,5,2,5,6,5,Documentary|Thriller|Reality,3,7,7,4,3,4,5,3,4,5,4,5,2,7,5,5,7,5,4,6,Urban,Single,No,Middle,Tuesday|Wednesday|Thursday|Friday,5,3,5,4,1,7,5
U0018,F,27,social,7,4,7,6,3,3,1,3,3,6,5,4,4,Some College,Business,5,2,5,7,5,6,6,7,6,Comedy|Drama|Romance|Horror|Documentary|Thriller|Reality,3,4,5,5,5,7,6,5,5,5,4,3,7,4,4,7,6,7,5,7,Suburban,Dating,Yes,Middle,Monday|Friday|Saturday|Sunday,5,5,1,3,7,6,3
U0019,M,24,social,6,4,5,6,6,4,5,4,4,3,5,5,6,Some College,STEM,4,4,7,6,7,7,7,7,7,Comedy|Drama|Action|Horror|Animation,4,6,6,5,5,7,4,5,7,3,4,7,7,4,4,5,6,7,7,6,Urban,Prefer Not to Say,No,Youngest,Tuesday|Wednesday|Saturday|Sunday,7,4,1,3,4,3,7
U0020,M,25,intellectual,7,7,4,5,2,2,5,7,6,5,4,5,4,Some College,STEM,7,7,6,1,5,2,5,1,5,Drama|Sci-Fi|Documentary,4,7,6,3,5,3,4,5,6,6,5,4,4,7,7,6,6,7,7,7,Urban,Single,No,Oldest,Wednesday|Thursday,7,2,5,1,3,3,1
U0021,F,24,traditional,2,7,4,5,4,7,3,1,7,5,6,7,4,Bachelor's,Business,4,4,4,3,4,6,7,6,3,Comedy|Drama|Action|Sci-Fi|Romance|Thriller|Animation,6,3,1,6,3,5,3,3,2,6,6,5,7,7,5,4,3,5,4,7,Small Town,Open Relationship,No,Oldest,Friday|Saturday|Sunday,2,3,6,1,4,1,7
U0022,F,27,adventurer,7,6,5,5,5,2,6,3,4,4,7,4,7,Bachelor's,Other,5,5,6,3,5,5,5,7,6,Drama|Action|Sci-Fi|Horror|Documentary,4,7,6,1,5,7,7,5,4,5,7,6,6,5,4,7,5,7,7,7,Suburban,Dating,No,Oldest,Tuesday|Thursday|Saturday,6,4,6,4,4,1,7
U0023,M,24,intellectual,7,7,3,4,1,1,3,6,6,6,5,5,5,Master's,Arts & Humanities,7,7,7,4,7,4,7,3,7,Comedy|Drama|Sci-Fi|Romance|Documentary|Animation,2,7,7,4,4,3,5,3,5,7,5,6,6,7,6,6,5,5,7,7,Rural,Open Relationship,No,Only Child,Monday|Wednesday|Saturday|Sunday,6,4,1,5,3,4,7
U0024,F,37,social,5,4,4,7,4,6,5,7,5,4,5,3,2,Some College,Health & Medicine,5,1,6,5,5,6,5,7,7,Action|Romance|Horror|Documentary|Reality,2,6,7,4,5,4,5,4,6,5,2,6,7,4,4,5,3,7,5,7,Suburban,Single,No,Only Child,Friday|Sunday,7,2,7,5,1,2,2
U0025,M,29,social,5,5,6,6,5,3,4,6,6,5,2,6,5,Bachelor's,Business,4,3,3,7,6,6,5,7,7,Comedy|Drama|Sci-Fi|Documentary|Thriller|Animation,1,6,4,1,7,6,5,5,7,7,6,5,6,6,2,7,6,7,7,6,Suburban,Single,No,Only Child,Wednesday|Thursday,2,4,5,3,7,6,4
U0026,F,27,creative,7,3,4,5,6,1,6,5,3,5,5,2,6,Bachelor's,STEM,7,6,6,3,4,4,5,5,7,Sci-Fi|Documentary|Thriller|Animation,1,5,7,4,4,7,6,5,5,6,6,5,5,5,7,5,7,6,7,7,Suburban,Dating,No,Oldest,Monday|Thursday,7,7,4,7,5,3,7
U0027,M,30,intellectual,7,6,3,6,6,2,7,6,5,7,4,4,7,Master's,STEM,6,6,6,2,5,4,7,5,4,Comedy|Drama|Action|Sci-Fi|Romance|Thriller,3,7,7,5,3,4,3,4,2,4,5,4,5,7,7,6,6,6,7,7,Suburban,Single,No,Youngest,Tuesday|Saturday,7,1,7,7,6,2,2
U0028,F,27,social,7,5,7,4,4,3,3,3,5,4,6,3,5,Bachelor's,Other,4,4,4,7,7,6,6,7,7,Comedy|Drama|Romance|Reality,4,2,4,4,4,5,6,3,4,5,6,7,6,6,6,6,4,7,5,5,Suburban,Dating,Yes,Youngest,Monday|Sunday,1,1,6,3,6,6,1
U0029,M,23,traditional,4,7,4,5,4,7,7,1,7,6,3,7,3,Bachelor's,Social Sciences,4,5,4,5,4,3,7,5,5,Comedy|Documentary|Thriller|Animation,7,4,4,5,3,6,1,1,2,5,2,3,6,3,3,3,3,7,6,7,Urban,Open Relationship,No,Oldest,Monday|Wednesday|Friday|Saturday,5,4,2,3,7,4,6
U0030,M,29,adventurer,5,3,6,7,4,1,5,5,4,6,6,1,3,Master's,STEM,4,6,7,3,5,5,4,7,5,Comedy|Action|Horror|Reality,3,7,6,3,6,6,7,3,7,2,6,5,7,4,6,7,3,5,5,7,Rural,Single,No,Oldest,Monday|Wednesday|Saturday|Sunday,3,6,5,3,1,5,3
U0031,M,26,traditional,7,5,7,6,4,6,5,1,5,7,2,7,2,High School,Arts & Humanities,6,7,3,1,5,5,6,5,3,Drama|Horror|Documentary|Animation|Reality,7,3,2,6,2,3,1,2,1,7,5,5,5,5,6,6,5,6,1,7,Rural,Single,No,Only Child,Tuesday|Saturday|Sunday,2,2,6,6,5,1,3
U0032,F,27,intellectual,7,4,2,5,5,2,3,7,3,4,5,5,7,Master's,Law & Policy,7,7,6,3,6,3,6,5,5,Comedy|Drama|Documentary|Thriller,3,7,7,3,5,4,3,3,5,6,4,4,7,5,7,7,3,7,7,7,Urban,Dating,No,Oldest,Wednesday|Friday|Saturday|Sunday,6,3,1,5,7,6,7
U0033,M,32,adventurer,7,3,6,5,1,3,4,2,1,5,6,4,4,Some College,Arts & Humanities,2,4,7,3,4,5,6,7,7,Action|Sci-Fi|Romance|Documentary|Thriller,3,3,5,3,5,5,7,6,5,3,6,5,7,7,3,5,3,4,6,4,Suburban,Single,Yes,Youngest,Thursday|Friday|Saturday|Sunday,3,4,3,4,2,5,4
U0034,M,31,professional,5,7,3,6,5,3,3,3,5,7,4,7,5,PhD/Professional,Business,7,4,6,5,4,4,6,6,4,Comedy|Horror|Documentary,2,7,7,2,4,4,3,3,4,5,4,5,6,6,5,6,7,4,7,7,Suburban,Single,No,Middle,Monday|Wednesday|Thursday|Saturday,4,6,2,4,2,4,3
U0035,F,28,professional,4,7,4,5,3,1,3,4,3,7,2,7,5,PhD/Professional,Health & Medicine,6,6,6,6,5,4,5,4,4,Action|Romance|Documentary|Thriller|Animation|Reality,7,7,3,2,4,6,4,3,4,6,5,3,7,5,6,7,5,5,7,7,Urban,Dating,No,Only Child,Friday|Sunday,6,2,2,7,4,3,4
U0036,F,31,creative,7,2,4,4,4,5,5,4,4,6,5,3,6,Some College,Arts & Humanities,6,5,4,3,7,6,5,7,6,Drama|Sci-Fi|Horror|Documentary|Animation,3,6,7,3,4,7,7,6,5,4,7,5,6,7,6,7,7,6,7,7,Small Town,Single,No,Only Child,Tuesday|Wednesday|Friday|Saturday,2,5,5,6,7,4,5
U0037,M,34,intellectual,5,7,2,3,2,2,3,3,5,7,6,4,6,Bachelor's,STEM,7,7,7,2,4,4,7,5,6,Comedy|Drama|Action|Sci-Fi|Documentary|Thriller,2,7,7,3,6,5,3,3,4,7,5,5,7,7,7,6,6,7,7,7,Urban,Dating,No,Oldest,Thursday|Friday|Sunday,6,5,4,5,2,6,5
U0038,M,29,adventurer,7,3,7,6,4,1,4,2,3,5,7,3,6,Master's,Business,4,6,4,3,7,5,7,5,7,Comedy|Drama|Action|Documentary,3,6,7,4,7,6,7,4,6,4,6,6,6,6,4,6,6,4,5,6,Suburban,Single,No,Middle,Monday|Sunday,2,4,6,1,6,3,3
U0039,F,22,traditional,2,7,4,7,4,6,6,2,7,7,1,7,3,Some College,Business,3,7,3,4,4,6,7,4,4,Comedy|Thriller|Animation|Reality,5,4,6,7,3,5,3,1,3,7,6,4,5,4,6,7,5,7,4,6,Urban,Single,No,Oldest,Tuesday|Sunday,3,6,5,6,4,2,7
U0040,F,34,social,3,5,7,6,2,3,5,4,5,4,5,6,4,Some College,Law & Policy,4,1,4,6,6,7,4,7,7,Comedy|Action|Animation,3,2,7,5,7,6,7,5,6,5,4,7,3,5,7,7,7,7,6,5,Suburban,Open Relationship,No,Oldest,Monday|Tuesday|Wednesday|Thursday,1,7,6,5,2,4,7
U0041,F,31,adventurer,7,4,7,7,3,1,4,3,1,4,6,1,6,Some College,STEM,4,6,7,4,7,5,7,6,7,Action|Sci-Fi|Thriller,5,4,7,3,4,7,7,7,4,4,4,7,5,7,4,3,5,5,7,7,Suburban,Single,No,Oldest,Monday|Sunday,4,3,1,6,3,6,4
U0042,F,21,social,6,3,6,7,5,3,2,4,4,3,3,3,3,Some College,Social Sciences,4,3,5,7,4,7,7,7,7,Comedy|Drama|Action,4,6,5,5,6,6,4,3,4,5,6,5,7,4,4,6,3,7,7,6,Suburban,Dating,No,Oldest,Tuesday|Friday,5,5,7,5,3,5,6
U0043,F,23,adventurer,7,4,6,5,2,2,5,2,3,4,5,1,4,Some College,Social Sciences,6,6,4,4,3,6,4,6,7,Sci-Fi|Horror|Reality,1,3,5,4,4,2,6,7,7,3,5,7,4,5,5,7,4,5,3,5,Suburban,Dating,No,Youngest,Thursday|Sunday,4,5,6,2,6,5,7
U0044,M,33,professional,4,7,5,5,2,1,3,7,4,7,5,4,7,PhD/Professional,STEM,6,7,5,7,5,5,6,5,7,Sci-Fi|Horror|Thriller,4,2,4,4,3,5,5,1,4,4,6,6,7,5,7,6,6,5,7,5,Suburban,Single,No,Oldest,Wednesday|Thursday,6,7,7,1,1,6,3
U0045,F,34,intellectual,6,6,3,4,2,2,4,5,4,6,5,5,5,Bachelor's,Social Sciences,7,7,6,3,4,1,7,3,6,Action|Sci-Fi|Romance|Documentary|Animation|Reality,2,7,6,4,6,4,3,5,5,5,2,4,6,6,7,4,4,5,7,4,Suburban,Dating,No,Middle,Monday|Tuesday,1,7,3,3,6,6,4
U0046,M,33,traditional,4,7,5,5,4,6,6,1,7,6,5,6,4,Bachelor's,Health & Medicine,7,4,2,2,4,2,7,6,4,Comedy|Drama|Action|Horror|Thriller|Animation,7,4,6,5,2,3,3,3,4,7,2,7,7,6,7,3,3,6,6,5,Suburban,Single,Yes,Only Child,Wednesday|Friday|Saturday,4,6,3,2,7,1,6
U0047,M,30,intellectual,7,5,1,5,3,2,6,6,4,6,6,6,7,Bachelor's,STEM,6,7,7,4,3,2,7,3,5,Sci-Fi|Romance|Documentary|Thriller,3,7,7,4,4,5,1,4,4,7,4,4,6,5,7,5,7,5,6,4,Suburban,Open Relationship,No,Middle,Tuesday|Saturday,4,4,5,4,1,7,4
U0048,M,30,social,5,5,7,6,1,3,5,4,3,2,5,3,4,Some College,Social Sciences,6,5,4,7,6,7,5,7,6,Comedy|Action|Sci-Fi|Romance|Horror|Thriller|Animation,1,7,6,3,5,6,6,6,6,7,5,5,7,5,5,7,6,6,3,7,Urban,Single,No,Only Child,Monday|Tuesday|Wednesday|Saturday,7,1,2,7,6,1,2
U0049,F,31,social,4,3,7,4,3,3,4,4,7,5,4,4,5,Bachelor's,Other,4,3,3,7,7,7,5,7,7,Comedy|Action|Thriller|Animation,3,6,6,7,5,2,3,5,7,4,5,7,5,4,3,7,7,5,5,7,Suburban,Dating,Yes,Only Child,Monday|Friday|Saturday,2,1,4,3,7,2,3
U0050,M,32,intellectual,7,7,2,7,3,4,5,4,6,6,6,3,7,Some College,Other,7,7,7,4,2,3,6,4,3,Drama|Action|Sci-Fi|Romance|Horror|Documentary|Thriller,2,6,6,3,4,4,1,1,4,6,5,4,5,7,6,6,7,7,7,7,Urban,Open Relationship,Yes,Oldest,Monday|Friday|Saturday,4,3,3,7,1,4,4
U0051,M,26,professional,4,6,7,6,2,1,3,5,5,6,5,7,6,Master's,Business,6,5,6,7,3,4,6,4,3,Drama|Romance|Documentary|Thriller,4,5,6,3,5,4,5,1,5,7,4,7,7,3,7,2,4,7,6,4,Rural,Single,No,Middle,Tuesday|Thursday|Sunday,5,2,5,5,1,7,4
U0052,F,22,creative,5,3,7,3,5,4,6,4,2,4,5,1,7,Bachelor's,Social Sciences,5,6,5,5,6,5,5,7,6,Sci-Fi|Horror|Documentary|Animation,2,4,6,2,4,5,5,7,7,7,4,5,4,6,5,7,6,7,7,7,Small Town,Open Relationship,No,Middle,Tuesday|Friday|Saturday,4,7,7,7,5,7,5
U0053,M,23,professional,6,6,6,6,3,4,3,4,5,7,4,4,4,Master's,STEM,4,7,7,4,2,3,5,5,5,Comedy|Sci-Fi,6,4,3,2,3,4,3,2,5,5,5,7,6,7,6,5,4,7,7,6,Suburban,Open Relationship,Yes,Middle,Monday|Tuesday|Friday|Sunday,5,7,3,1,3,6,7
U0054,M,21,professional,4,7,7,6,2,6,3,7,4,7,5,7,6,Master's,STEM,7,5,5,5,5,4,7,7,4,Romance|Documentary|Thriller,3,5,5,3,5,6,3,1,2,6,2,7,7,7,7,5,5,6,7,4,Suburban,Open Relationship,No,Only Child,Wednesday|Thursday,4,6,6,6,2,7,5
U0055,F,34,traditional,3,7,3,6,1,7,6,1,6,5,5,6,2,Some College,Health & Medicine,2,5,7,4,3,4,7,4,5,Comedy|Action|Sci-Fi|Horror|Animation,6,4,3,7,4,3,3,1,2,4,2,6,4,3,2,5,4,7,4,4,Small Town,Open Relationship,No,Youngest,Wednesday|Friday|Saturday,1,3,7,7,4,5,7
U0056,M,21,professional,5,7,3,4,4,5,3,4,6,6,4,7,4,PhD/Professional,Social Sciences,5,4,7,6,4,6,6,7,4,Documentary|Thriller,7,7,5,6,5,7,1,4,5,7,5,6,7,7,6,6,6,6,7,5,Suburban,Single,No,Oldest,Thursday|Friday|Saturday|Sunday,3,5,6,1,5,6,1
U0057,M,26,adventurer,6,3,6,4,3,4,5,5,1,4,6,1,4,Bachelor's,Health & Medicine,6,6,6,1,5,5,5,4,6,Comedy|Action|Horror|Documentary|Reality,3,6,3,3,6,7,7,7,4,2,5,7,7,7,6,6,4,5,7,5,Urban,Dating,No,Oldest,Wednesday|Friday|Sunday,6,6,2,4,2,5,4
U0058,M,32,intellectual,7,6,3,4,1,3,3,7,4,6,6,6,6,Some College,Business,6,7,7,4,3,2,7,6,6,Drama|Horror|Documentary,2,7,6,2,5,5,5,4,4,5,4,7,5,7,7,5,7,5,6,6,Suburban,Single,Yes,Middle,Monday|Tuesday|Thursday,4,1,2,2,3,4,5
U0059,F,24,adventurer,7,4,7,4,3,1,6,5,3,4,5,1,6,Master's,Arts & Humanities,5,4,7,3,4,5,4,4,7,Comedy|Drama|Action|Documentary|Reality,2,4,4,1,7,7,7,6,5,3,5,7,6,6,4,7,3,3,6,7,Suburban,Prefer Not to Say,No,Middle,Wednesday|Saturday,2,5,6,3,2,7,3
U0060,F,36,intellectual,5,7,3,6,6,1,2,6,5,5,5,7,4,Master's,STEM,7,6,7,4,4,2,6,6,5,Comedy|Drama|Romance|Thriller,3,7,7,3,3,5,5,3,3,6,7,6,3,7,7,3,7,6,7,6,Urban,Dating,No,Middle,Friday|Saturday|Sunday,1,5,3,2,3,1,7
U0061,F,27,social,5,4,5,5,6,5,4,4,5,6,5,4,6,Bachelor's,Social Sciences,4,5,3,7,6,7,3,6,6,Comedy|Action|Romance|Thriller|Reality,2,5,6,4,5,4,4,7,5,7,5,6,7,7,5,6,5,7,6,6,Rural,Single,No,Youngest,Monday|Wednesday|Thursday|Sunday,4,5,5,7,1,2,5
U0062,M,21,intellectual,7,6,3,6,2,1,4,5,3,6,6,5,6,Bachelor's,Arts & Humanities,7,7,7,2,3,2,6,4,7,Comedy|Drama|Thriller,1,6,7,5,4,6,1,1,3,7,3,1,6,7,6,4,6,6,6,7,Rural,Single,No,Oldest,Friday|Saturday,7,2,5,6,3,7,1
U0063,M,25,creative,7,3,5,4,5,2,6,1,3,5,5,4,4,Some College,STEM,5,6,5,4,4,5,7,5,7,Drama|Sci-Fi|Documentary|Animation,3,6,5,5,4,5,7,6,5,4,7,7,7,7,7,6,7,6,5,7,Suburban,Dating,No,Oldest,Monday|Tuesday,7,2,6,2,6,5,2
U0064,F,23,social,3,5,7,4,3,4,5,2,5,5,5,4,4,Bachelor's,Business,6,2,4,7,4,4,6,6,5,Comedy|Drama|Action|Romance|Documentary|Reality,2,4,5,3,6,6,3,4,5,5,6,7,7,2,4,7,3,7,5,6,Suburban,Single,No,Middle,Wednesday|Friday|Sunday,1,5,5,1,4,1,6
U0065,M,25,intellectual,6,7,3,6,2,1,4,6,4,7,7,5,7,PhD/Professional,Health & Medicine,7,6,7,4,6,4,5,4,3,Drama|Action|Sci-Fi|Thriller,4,6,7,5,7,4,4,2,6,6,7,6,4,5,7,4,7,7,5,7,Suburban,Single,No,Oldest,Monday|Sunday,5,5,2,6,7,4,2
U0066,M,25,social,5,4,7,7,4,4,5,3,5,5,6,3,3,Master's,Other,5,1,5,7,7,4,5,7,5,Comedy|Drama|Action|Romance|Reality,3,4,4,4,4,5,4,4,7,6,3,7,7,7,6,6,6,6,5,6,Urban,Open Relationship,No,Middle,Tuesday|Sunday,1,7,3,6,7,3,6
U0067,F,32,adventurer,5,3,6,5,2,1,4,5,3,5,7,1,6,Bachelor's,STEM,4,5,7,4,5,6,3,6,5,Comedy|Drama|Action|Sci-Fi|Documentary|Thriller|Reality,2,6,3,5,7,4,7,7,5,3,7,6,6,7,5,6,3,4,6,4,Small Town,Open Relationship,No,Oldest,Tuesday|Friday,2,2,2,3,1,5,5
U0068,F,25,creative,5,4,5,4,4,4,5,2,5,3,6,4,5,Bachelor's,STEM,6,5,5,4,7,6,5,5,4,Drama|Action|Horror|Documentary,2,5,7,2,5,4,4,7,5,6,5,6,7,6,5,5,7,6,6,7,Small Town,Open Relationship,No,Middle,Monday|Tuesday|Sunday,3,7,5,4,6,2,1
U0069,M,29,adventurer,7,5,6,5,2,5,3,4,4,5,5,1,4,Master's,Business,1,5,5,5,6,5,4,6,7,Comedy|Drama|Action|Sci-Fi|Thriller|Reality,3,7,5,3,7,5,7,7,4,4,5,5,6,7,6,6,6,5,4,6,Urban,Single,No,Middle,Tuesday|Wednesday|Saturday,3,1,6,4,5,1,3
U0070,M,26,professional,4,7,5,5,1,4,4,5,5,7,3,5,4,Bachelor's,Other,6,5,7,6,5,4,5,5,5,Romance|Documentary|Thriller,3,7,6,3,2,4,4,4,4,6,3,6,7,5,4,5,5,3,7,6,Urban,Single,No,Only Child,Monday|Tuesday|Wednesday|Sunday,5,1,7,6,3,4,5
U0071,M,36,creative,7,4,7,5,4,4,6,4,3,4,6,3,4,Master's,Social Sciences,4,5,3,5,7,2,3,4,6,Drama|Romance|Documentary|Thriller|Animation,4,6,5,3,5,4,4,3,7,6,5,6,5,7,6,5,7,6,7,7,Urban,Single,Yes,Oldest,Saturday|Sunday,1,6,3,4,1,2,1
U0072,F,42,intellectual,6,7,1,6,2,2,4,7,3,7,5,5,6,Master's,Other,6,7,7,3,4,4,7,3,6,Drama|Action|Sci-Fi|Romance|Horror|Documentary|Animation,1,7,7,2,4,3,3,6,3,5,5,6,5,7,7,2,6,5,7,4,Small Town,Single,No,Oldest,Tuesday|Thursday|Saturday,2,2,1,3,1,1,3
U0073,F,28,adventurer,4,4,6,7,2,2,3,3,3,4,7,3,6,Bachelor's,Business,3,5,7,4,4,6,5,5,7,Drama|Action|Documentary|Thriller|Animation|Reality,3,3,6,3,5,7,7,6,4,4,6,5,1,7,5,6,5,5,5,5,Suburban,Open Relationship,No,Oldest,Monday|Tuesday|Saturday,5,3,7,6,1,2,3
U0074,F,21,creative,7,4,5,5,4,1,7,7,6,2,7,4,4,Master's,Arts & Humanities,5,5,7,4,5,5,6,5,7,Drama|Action|Sci-Fi|Documentary|Animation,2,5,6,4,5,7,5,5,6,5,5,6,5,6,2,5,7,3,5,7,Suburban,Single,No,Only Child,Tuesday|Thursday|Friday,2,1,1,1,1,3,6
U0075,F,26,creative,7,7,6,4,4,2,4,4,5,2,7,4,4,Bachelor's,Health & Medicine,4,7,6,4,6,4,4,2,7,Comedy|Drama|Action|Sci-Fi|Thriller|Animation,2,7,6,2,5,4,7,3,4,4,7,5,4,7,7,7,7,7,7,6,Suburban,Open Relationship,No,Youngest,Friday|Sunday,6,6,5,5,1,4,2
U0076,M,31,creative,6,3,5,6,5,4,7,3,5,5,4,3,4,Master's,Business,6,5,3,4,5,5,4,5,7,Action|Sci-Fi|Documentary|Thriller,3,7,6,3,6,5,7,4,6,4,7,6,4,7,5,5,7,5,7,7,Suburban,Dating,No,Oldest,Thursday|Friday,3,7,6,2,4,3,7
U0077,F,25,creative,6,2,5,5,4,1,7,4,3,4,7,3,5,Master's,Law & Policy,4,4,6,2,7,5,5,5,6,Comedy|Drama|Documentary,2,7,5,4,7,6,5,7,5,5,6,6,6,7,7,6,6,6,5,6,Urban,Single,No,Youngest,Tuesday|Saturday,1,6,7,3,1,7,6
U0078,F,24,adventurer,5,3,4,4,2,3,7,2,1,4,7,2,4,Master's,Arts & Humanities,4,5,7,1,5,5,4,7,6,Action|Sci-Fi|Romance|Documentary|Thriller,3,6,5,1,5,7,7,5,6,4,5,6,7,7,6,7,4,4,6,6,Small Town,Single,No,Oldest,Monday|Wednesday|Friday,2,2,7,7,3,4,4
U0079,F,26,social,6,4,7,5,3,2,3,5,7,5,5,3,6,Bachelor's,Arts & Humanities,4,1,5,4,4,7,3,5,7,Comedy|Drama|Romance|Horror|Documentary|Reality,3,5,2,5,4,7,4,6,7,4,6,4,6,7,6,7,6,7,7,7,Suburban,Single,No,Only Child,Tuesday|Friday|Saturday|Sunday,1,1,1,4,5,3,4
U0080,F,24,adventurer,4,1,6,4,3,1,6,7,2,6,7,2,5,Bachelor's,Health & Medicine,4,6,5,3,7,6,4,6,7,Comedy|Sci-Fi|Romance|Horror|Thriller,4,6,6,4,6,7,6,6,4,2,6,5,6,7,7,7,7,7,7,5,Suburban,Single,No,Youngest,Wednesday|Friday|Sunday,2,6,4,1,5,1,5
U0081,F,34,professional,3,7,5,5,3,2,3,3,6,7,3,7,3,Bachelor's,STEM,5,4,6,6,5,7,3,6,4,Sci-Fi|Thriller|Animation|Reality,3,4,4,6,4,5,5,1,2,3,4,6,7,6,4,6,5,6,5,6,Urban,Single,No,Oldest,Monday|Friday|Saturday|Sunday,6,4,5,1,3,2,3
U0082,M,29,traditional,3,7,5,7,4,6,2,1,6,5,3,7,2,Master's,Law & Policy,5,7,4,4,2,3,6,4,5,Drama|Romance|Thriller,6,2,6,6,1,3,2,4,2,6,6,4,6,4,5,5,5,7,4,3,Suburban,Single,No,Oldest,Tuesday|Thursday|Saturday|Sunday,1,6,3,4,7,2,7
U0083,M,32,intellectual,7,5,2,5,3,1,5,7,3,5,3,3,7,Some College,STEM,6,7,7,1,3,4,7,5,5,Drama|Sci-Fi|Reality,1,7,6,5,4,5,6,3,3,7,4,7,7,6,5,3,6,7,7,7,Urban,Dating,Yes,Only Child,Wednesday|Friday,4,3,4,6,2,6,4
U0084,F,28,adventurer,4,3,6,6,4,1,5,6,3,4,5,2,3,Bachelor's,Health & Medicine,4,6,3,5,5,5,4,4,6,Drama|Sci-Fi|Documentary|Thriller,6,4,4,3,6,6,7,7,4,4,7,5,3,7,7,6,5,5,7,6,Suburban,Prefer Not to Say,No,Oldest,Monday|Thursday|Saturday|Sunday,4,4,7,1,7,2,5
U0085,M,31,intellectual,7,6,3,4,3,3,3,6,3,4,5,5,7,Some College,Law & Policy,6,7,5,4,5,5,7,4,4,Drama|Action|Sci-Fi|Documentary|Thriller,2,7,7,5,4,2,6,5,4,7,5,7,2,6,7,6,7,4,7,7,Urban,Single,No,Oldest,Monday|Saturday,7,3,7,2,1,1,1
U0086,F,21,intellectual,7,6,2,6,4,2,5,6,2,7,4,6,6,Bachelor's,Arts & Humanities,7,5,7,3,5,3,7,4,5,Sci-Fi,2,7,7,5,4,5,3,7,6,7,2,6,5,6,7,4,7,7,7,7,Suburban,Dating,No,Oldest,Monday|Tuesday|Thursday|Sunday,7,2,5,2,4,2,7
U0087,F,28,creative,6,5,4,5,7,3,6,5,4,4,5,3,6,Master's,Social Sciences,6,6,6,4,6,5,7,4,4,Comedy|Drama|Romance|Horror|Documentary,1,6,7,2,2,5,6,3,4,6,6,5,6,6,6,7,5,7,7,6,Small Town,Prefer Not to Say,Yes,Oldest,Tuesday|Thursday|Sunday,1,6,6,5,3,3,3
U0088,M,36,traditional,3,7,4,7,3,7,4,1,7,7,3,4,3,Some College,STEM,7,5,5,6,3,3,4,6,3,Action|Romance|Documentary|Animation,6,2,4,6,3,3,4,1,1,5,4,5,7,5,5,4,5,7,4,4,Suburban,Single,Yes,Middle,Monday|Wednesday|Saturday|Sunday,3,5,4,7,1,4,3
U0089,M,30,professional,4,7,5,3,3,3,4,5,4,7,6,6,6,PhD/Professional,Health & Medicine,7,5,6,5,4,7,5,4,5,Horror|Documentary|Thriller,4,5,4,4,3,6,3,3,5,7,4,4,7,7,6,5,4,5,6,7,Urban,Prefer Not to Say,No,Oldest,Wednesday|Saturday,2,1,4,7,6,2,1
U0090,F,33,social,4,3,7,7,3,4,3,7,5,3,7,6,7,Bachelor's,STEM,7,4,5,7,6,6,7,7,7,Comedy|Romance|Documentary|Thriller|Reality,4,4,3,2,4,5,4,6,5,5,5,7,5,7,4,5,5,7,6,7,Urban,Single,No,Middle,Tuesday|Friday,6,1,1,1,3,1,4
U0091,F,29,adventurer,5,5,6,7,4,3,6,2,3,2,7,3,4,Bachelor's,Business,5,3,7,2,4,3,4,4,6,Comedy|Drama|Action|Sci-Fi|Romance|Horror|Thriller|Animation|Reality,4,5,4,3,6,7,7,6,6,4,6,7,4,7,5,6,4,5,6,5,Urban,Dating,No,Middle,Thursday|Saturday,7,7,5,5,1,6,1
U0092,F,31,creative,7,4,6,7,4,2,5,5,4,2,6,3,5,Bachelor's,STEM,4,4,7,4,4,4,6,4,7,Comedy|Drama|Action|Horror|Documentary|Animation,4,5,7,3,6,6,5,6,4,7,7,4,7,7,6,5,5,7,4,6,Small Town,Prefer Not to Say,No,Oldest,Monday|Tuesday|Wednesday|Thursday,4,6,4,5,2,7,3
U0093,M,29,creative,7,2,6,4,6,1,7,3,4,3,7,2,6,Bachelor's,STEM,4,6,5,3,6,6,4,7,7,Comedy|Drama|Sci-Fi|Horror|Documentary|Thriller|Animation|Reality,1,4,6,2,7,6,5,4,6,4,6,6,5,7,6,7,7,6,6,7,Urban,Single,Yes,Only Child,Monday|Saturday|Sunday,7,1,3,4,2,1,1
U0094,F,24,traditional,1,7,5,4,2,7,3,3,7,5,4,6,3,Some College,STEM,5,3,4,4,3,2,7,6,5,Drama|Thriller|Reality,6,2,7,6,2,5,4,2,5,6,3,4,7,1,5,3,3,7,5,5,Rural,Single,No,Youngest,Monday|Tuesday|Thursday|Sunday,2,7,5,6,1,1,3
U0095,F,23,creative,7,5,7,5,5,5,7,4,2,5,7,2,5,Bachelor's,Health & Medicine,4,6,2,4,7,3,5,4,6,Drama|Sci-Fi|Horror,2,5,7,4,4,7,7,6,3,6,5,5,7,7,5,3,7,4,5,7,Small Town,Single,No,Oldest,Monday|Tuesday|Wednesday|Saturday,6,6,5,2,3,2,5
U0096,F,29,social,5,4,7,7,5,3,3,3,6,6,5,4,7,Master's,Business,6,4,3,7,5,6,5,6,7,Comedy|Drama|Sci-Fi|Romance|Animation|Reality,1,6,6,1,6,4,6,5,6,5,7,4,7,6,6,7,4,7,5,7,Urban,Single,No,Youngest,Tuesday|Saturday|Sunday,2,7,3,4,1,6,5
U0097,M,42,social,5,4,7,6,3,6,2,3,7,3,3,5,2,Master's,Social Sciences,5,6,3,4,4,7,6,6,7,Comedy|Drama|Romance|Reality,5,7,5,1,4,4,5,5,7,7,5,7,6,5,6,7,7,5,4,6,Urban,Single,No,Oldest,Monday|Tuesday|Thursday,4,1,7,6,5,3,2
U0098,F,30,social,6,3,7,5,4,5,2,3,7,4,6,3,5,Some College,Arts & Humanities,7,4,5,6,5,7,6,6,7,Comedy|Drama|Sci-Fi|Romance,3,5,4,5,5,5,4,4,7,7,5,7,7,4,4,7,5,6,6,4,Urban,Single,No,Only Child,Wednesday|Saturday|Sunday,1,2,7,2,4,7,5
U0099,F,28,adventurer,6,4,5,5,3,2,4,5,2,2,7,1,5,Master's,STEM,1,4,6,1,5,7,3,6,7,Action|Horror|Documentary|Thriller|Reality,2,7,6,3,7,5,7,7,4,3,6,6,5,5,1,6,6,3,5,7,Small Town,Single,No,Youngest,Monday|Tuesday|Saturday|Sunday,5,4,7,5,2,4,2
U0100,M,32,adventurer,6,5,6,4,4,2,4,2,3,4,6,3,6,Bachelor's,Law & Policy,4,5,7,3,4,5,6,3,6,Comedy|Horror,4,7,7,4,6,5,7,3,7,3,5,7,4,4,5,7,5,5,7,7,Urban,Single,Yes,Oldest,Wednesday|Thursday|Friday|Sunday,2,2,3,3,3,7,3
U0101,F,34,adventurer,4,3,7,6,3,1,4,4,2,4,7,3,3,Some College,STEM,7,6,6,4,7,3,5,3,7,Action|Documentary|Reality,3,5,5,1,6,7,6,7,3,5,5,5,5,5,5,4,4,5,5,7,Urban,Single,No,Only Child,Saturday|Sunday,5,7,1,6,7,6,3
U0102,F,29,traditional,1,7,6,7,4,7,3,1,7,3,2,7,3,High School,Business,4,3,3,4,6,5,7,6,5,Comedy|Drama|Action|Sci-Fi|Romance|Reality,7,4,3,6,4,4,1,1,3,4,3,7,6,4,5,7,4,4,6,6,Urban,Dating,No,Youngest,Monday|Tuesday|Wednesday|Sunday,5,3,6,1,5,7,6
U0103,M,24,intellectual,7,6,1,4,4,1,5,6,5,7,4,5,3,Some College,Business,7,5,7,2,3,5,5,3,4,Comedy|Drama|Sci-Fi|Documentary,1,6,7,4,5,5,2,4,5,5,7,6,5,6,7,5,7,6,7,7,Suburban,Single,No,Middle,Monday|Friday|Saturday|Sunday,5,1,4,2,7,3,6
U0104,F,25,social,6,4,6,7,3,4,6,6,7,4,7,3,4,Bachelor's,STEM,2,5,4,7,5,7,5,5,7,Comedy|Action|Romance|Thriller|Animation|Reality,1,4,2,2,5,2,3,5,5,7,7,5,7,6,4,5,5,7,4,7,Suburban,Dating,No,Only Child,Thursday|Friday|Sunday,4,4,3,1,4,1,2
U0105,M,34,professional,7,7,7,6,2,4,3,7,5,7,5,7,6,Master's,Arts & Humanities,6,6,7,6,5,6,7,6,4,Comedy|Drama|Horror|Thriller,3,5,5,6,1,4,3,2,3,5,4,5,7,7,7,5,6,6,7,5,Rural,Single,No,Oldest,Monday|Tuesday|Saturday|Sunday,5,2,5,1,6,6,4
U0106,M,30,intellectual,6,5,2,3,1,2,4,6,4,7,5,3,5,Master's,STEM,7,6,5,3,4,5,6,3,7,Drama|Sci-Fi|Documentary,2,6,6,2,4,5,6,2,5,6,5,4,3,7,5,4,7,4,5,7,Suburban,Single,Yes,Only Child,Thursday|Sunday,5,2,5,1,6,5,7
U0107,F,22,social,5,4,7,4,4,3,5,3,6,5,6,5,5,Bachelor's,STEM,3,4,7,6,7,5,5,7,6,Comedy|Drama|Action|Sci-Fi|Horror|Thriller,3,6,5,3,3,4,3,5,5,6,5,7,3,5,4,6,5,7,6,6,Urban,Single,No,Youngest,Thursday|Friday,6,6,1,7,6,4,3
U0108,F,35,creative,6,4,4,7,7,1,5,1,3,5,5,4,3,Master's,Social Sciences,5,5,5,4,4,3,6,6,7,Drama|Action|Romance|Animation,2,6,4,3,5,7,7,7,6,4,6,5,5,7,6,7,4,7,5,5,Suburban,Single,No,Oldest,Wednesday|Saturday,5,2,7,4,5,1,1
U0109,F,28,intellectual,7,7,1,6,6,1,5,7,2,7,6,6,6,PhD/Professional,Health & Medicine,6,7,7,2,4,3,5,4,4,Drama|Sci-Fi|Thriller,4,5,7,6,2,2,6,3,7,4,5,5,5,7,7,5,6,7,7,7,Urban,Dating,No,Oldest,Tuesday|Wednesday|Thursday|Friday,5,2,3,1,7,2,5
U0110,F,21,adventurer,5,1,7,5,2,2,7,3,4,6,5,1,6,Bachelor's,Business,3,6,5,2,4,6,5,6,7,Comedy|Action|Horror|Thriller,5,2,5,6,5,7,6,6,6,4,7,7,7,6,7,7,4,7,7,6,Suburban,Single,No,Only Child,Monday|Wednesday|Thursday|Saturday,5,2,1,6,2,6,3
U0111,M,27,intellectual,6,5,1,5,1,3,3,5,3,6,6,7,7,Master's,Health & Medicine,7,7,7,2,3,4,6,4,5,Comedy|Drama|Sci-Fi|Documentary,1,6,7,2,4,6,5,3,2,6,2,5,5,7,6,5,7,6,5,6,Suburban,Dating,No,Oldest,Monday|Tuesday|Friday|Sunday,3,3,4,4,7,3,2
U0112,F,32,intellectual,7,4,5,5,2,1,4,6,2,5,4,7,6,PhD/Professional,Business,7,6,7,4,5,4,6,3,5,Drama|Sci-Fi|Romance|Documentary|Thriller,4,6,6,5,5,5,4,3,3,7,6,3,6,7,7,6,7,5,7,7,Suburban,Single,No,Youngest,Tuesday|Friday|Sunday,5,6,3,1,1,2,4
U0113,M,34,professional,5,7,3,4,3,6,3,5,4,7,4,7,6,Bachelor's,Business,6,4,6,7,3,4,4,4,7,Drama|Action|Thriller,5,5,2,3,4,3,3,4,2,4,3,6,6,7,6,7,3,5,6,7,Rural,Dating,No,Middle,Monday|Thursday|Friday|Sunday,3,3,1,7,7,1,7
U0114,F,34,creative,7,3,6,7,3,4,5,4,4,3,6,2,6,Bachelor's,Arts & Humanities,2,7,5,2,6,2,5,3,7,Drama|Action|Romance|Horror|Documentary|Thriller|Animation|Reality,1,5,6,2,5,4,7,7,7,5,7,3,7,7,5,7,7,5,7,6,Urban,Dating,No,Oldest,Tuesday|Friday|Sunday,7,5,3,1,1,7,2
U0115,F,34,traditional,3,7,1,6,6,7,4,2,6,5,3,6,5,Bachelor's,Health & Medicine,6,5,5,4,2,3,7,4,3,Comedy|Drama|Action|Documentary|Reality,5,7,1,6,5,4,3,2,2,2,4,4,5,4,7,7,4,6,3,7,Urban,Open Relationship,Yes,Youngest,Tuesday|Sunday,3,1,6,7,1,7,3
U0116,F,25,professional,4,5,3,7,3,3,2,3,3,5,5,7,5,Master's,STEM,4,6,7,6,4,4,6,7,6,Drama|Action|Sci-Fi|Thriller,3,4,4,3,5,4,4,2,3,6,6,6,6,6,5,7,5,4,7,7,Urban,Single,No,Only Child,Monday|Tuesday,1,2,1,5,6,6,6
U0117,M,30,creative,5,2,6,5,6,1,6,6,3,5,6,4,7,Bachelor's,Social Sciences,5,5,6,3,6,2,5,7,6,Comedy|Drama|Action|Documentary|Animation,3,7,6,4,6,6,7,5,4,3,6,6,5,7,6,5,5,7,7,7,Rural,Prefer Not to Say,No,Oldest,Thursday|Friday|Saturday|Sunday,6,3,5,7,2,6,5
U0118,F,26,intellectual,7,5,3,3,2,2,2,7,4,7,5,4,6,Master's,Business,7,5,6,3,4,3,7,4,7,Sci-Fi,3,7,6,3,5,3,3,7,6,6,4,6,4,7,6,7,6,7,7,7,Urban,Dating,No,Oldest,Tuesday|Wednesday|Thursday,3,7,1,4,7,1,7
U0119,F,33,professional,5,7,7,6,2,5,3,3,4,7,4,6,7,PhD/Professional,Social Sciences,4,3,4,5,4,6,6,4,5,Drama|Action|Sci-Fi|Thriller,4,3,7,5,3,6,4,3,3,7,6,5,7,6,7,7,5,5,7,5,Suburban,Single,No,Middle,Tuesday|Wednesday|Friday|Saturday,5,4,6,5,1,7,1
U0120,F,25,social,6,5,6,6,3,3,5,4,7,4,5,4,4,Bachelor's,STEM,5,4,5,6,5,6,5,7,5,Sci-Fi|Thriller|Animation|Reality,3,5,3,3,4,4,5,5,5,6,7,7,4,6,5,7,4,7,5,5,Small Town,Dating,No,Oldest,Tuesday|Wednesday|Sunday,7,1,6,3,6,1,2
U0121,F,22,creative,5,2,5,6,6,6,6,3,4,4,6,2,6,Some College,Business,4,4,6,3,4,4,3,6,2,Sci-Fi|Horror|Animation,1,7,5,2,7,5,7,7,6,3,5,7,5,7,7,7,7,5,6,6,Suburban,Single,No,Oldest,Wednesday|Thursday|Sunday,6,1,2,1,5,5,7
U0122,M,31,professional,4,7,3,6,3,3,3,6,5,7,5,6,6,Bachelor's,Social Sciences,6,5,6,4,3,5,7,7,3,Thriller,6,5,6,3,3,5,1,4,6,6,7,6,7,3,7,7,5,2,7,4,Small Town,Single,Yes,Youngest,Wednesday|Friday|Saturday,1,7,4,4,4,1,3
U0123,F,38,intellectual,6,7,5,6,2,1,4,6,3,7,5,3,5,PhD/Professional,STEM,6,7,7,3,3,3,7,4,6,Comedy|Drama|Sci-Fi|Romance,4,7,7,5,3,7,4,3,6,7,5,4,5,7,7,6,7,7,7,7,Suburban,Single,No,Only Child,Wednesday|Thursday|Friday|Saturday,1,5,6,6,7,3,5
U0124,M,27,adventurer,7,1,4,2,1,1,5,4,4,4,7,5,5,Bachelor's,Business,4,4,4,4,6,7,6,5,7,Comedy|Drama|Action|Documentary|Thriller|Reality,3,6,7,3,7,7,7,7,5,4,7,7,5,5,4,7,5,5,7,7,Suburban,Single,No,Oldest,Tuesday|Wednesday|Thursday|Friday,3,5,1,2,2,5,1
U0125,M,26,intellectual,7,7,3,5,2,1,3,5,6,6,5,4,7,Some College,Social Sciences,7,7,7,2,4,2,7,6,6,Comedy|Drama|Action|Sci-Fi|Thriller,4,7,6,5,4,4,4,3,4,7,6,4,5,7,6,4,7,7,6,5,Suburban,Dating,Yes,Youngest,Wednesday|Sunday,1,6,2,4,7,2,2
U0126,M,25,social,6,2,7,4,6,4,4,3,3,6,5,7,4,High School,Health & Medicine,4,2,5,7,7,5,7,7,7,Comedy|Drama|Sci-Fi|Romance|Reality,2,4,5,3,7,4,2,3,4,5,5,6,7,5,5,7,7,7,6,3,Suburban,Single,No,Oldest,Tuesday|Saturday|Sunday,3,7,2,7,4,6,3
U0127,M,30,creative,6,3,6,6,4,2,5,4,6,1,6,1,3,PhD/Professional,Law & Policy,5,7,6,5,5,3,7,5,7,Comedy|Drama|Sci-Fi|Documentary|Reality,2,4,3,2,6,7,7,4,7,4,6,5,6,7,5,4,7,5,7,7,Urban,Single,No,Only Child,Tuesday|Friday|Saturday|Sunday,5,7,3,5,6,1,3
U0128,M,31,professional,7,7,7,4,4,5,3,7,3,6,5,6,4,Master's,Health & Medicine,7,5,5,5,5,3,7,4,4,Comedy|Drama|Action|Sci-Fi|Documentary|Thriller,5,6,3,4,4,5,4,3,4,6,6,7,7,6,5,5,6,6,6,6,Suburban,Single,No,Only Child,Monday|Thursday|Friday|Sunday,2,4,3,7,2,7,6
U0129,M,34,adventurer,6,3,7,7,1,1,4,2,1,4,6,1,7,High School,Arts & Humanities,3,4,7,2,3,5,7,5,6,Action|Documentary|Thriller,4,5,7,2,7,7,7,6,4,3,5,6,4,6,5,7,6,5,7,6,Suburban,Single,Yes,Middle,Wednesday|Thursday|Friday|Saturday,6,4,2,6,7,7,5
U0130,F,38,social,3,5,7,6,4,3,5,3,2,4,3,5,4,PhD/Professional,Social Sciences,2,1,5,7,4,6,5,7,5,Comedy|Drama|Action|Romance|Documentary|Animation,3,3,5,5,6,6,6,7,6,7,4,6,6,4,2,7,4,6,7,7,Rural,Single,No,Youngest,Monday|Sunday,4,2,4,2,3,1,1
U0131,M,26,social,7,6,7,7,4,3,4,4,6,3,5,2,5,Bachelor's,STEM,6,1,3,5,6,5,7,7,7,Comedy|Drama|Horror|Animation,1,7,6,3,3,5,4,4,5,6,2,7,7,5,5,7,5,7,6,7,Suburban,Dating,No,Oldest,Tuesday|Wednesday|Thursday|Sunday,3,6,6,7,7,5,4
U0132,M,25,intellectual,7,6,4,5,4,1,4,5,6,5,6,5,6,Master's,Other,6,6,5,2,4,3,7,3,4,Sci-Fi|Thriller|Animation,1,7,7,6,5,5,6,4,5,6,3,4,5,7,7,5,7,5,7,5,Suburban,Open Relationship,No,Only Child,Tuesday|Thursday|Saturday,5,3,5,1,6,4,7
U0133,M,31,adventurer,3,5,5,5,2,4,4,5,4,2,7,4,4,Some College,STEM,5,5,7,5,2,3,4,7,7,Comedy|Action|Sci-Fi|Documentary|Thriller,1,6,5,4,7,5,7,7,3,4,5,6,7,7,5,7,4,4,7,6,Urban,Dating,Yes,Oldest,Thursday|Saturday,3,4,5,4,7,3,3
U0134,F,33,intellectual,7,6,2,5,4,2,4,5,5,4,4,3,6,Master's,Law & Policy,7,7,6,5,5,3,7,5,5,Sci-Fi|Romance|Documentary,1,7,6,3,4,6,3,5,3,4,6,7,4,5,7,4,7,7,7,7,Rural,Single,No,Oldest,Monday|Wednesday|Saturday|Sunday,7,7,2,7,7,4,4
U0135,F,27,professional,5,6,4,5,3,5,2,5,4,6,5,7,5,Bachelor's,STEM,7,3,5,7,4,5,5,5,7,Comedy|Drama|Sci-Fi|Thriller,2,7,3,3,2,5,2,2,2,7,5,5,7,4,6,5,5,6,7,6,Urban,Dating,No,Oldest,Monday|Tuesday|Saturday|Sunday,4,6,4,6,7,1,7
U0136,M,35,intellectual,7,6,5,6,1,1,5,6,3,7,5,5,7,Bachelor's,Arts & Humanities,7,7,6,4,6,1,7,5,7,Sci-Fi|Romance|Documentary|Thriller,2,6,7,6,2,2,4,5,4,7,4,2,4,7,7,3,5,5,7,7,Urban,Dating,No,Middle,Monday|Tuesday|Thursday|Sunday,3,7,1,4,5,7,6
U0137,F,23,social,3,3,7,4,4,5,5,5,4,4,3,5,7,Bachelor's,Social Sciences,6,2,6,7,6,7,6,5,6,Comedy|Horror|Animation|Reality,2,6,6,4,4,3,5,4,5,6,6,5,4,4,6,7,4,7,2,3,Suburban,Prefer Not to Say,No,Middle,Monday|Tuesday|Wednesday|Thursday,3,1,5,6,3,1,3
U0138,M,40,creative,7,4,5,4,6,3,6,3,4,3,5,4,3,Bachelor's,Other,5,7,4,3,6,4,5,6,7,Drama|Action|Sci-Fi|Horror|Documentary|Thriller|Reality,1,4,7,5,6,5,6,4,6,3,6,4,6,7,6,6,6,7,6,6,Urban,Single,No,Middle,Monday|Wednesday,2,7,3,3,2,2,4
U0139,M,24,social,6,4,7,6,4,4,5,2,5,4,6,6,4,Bachelor's,Social Sciences,7,2,7,7,5,7,5,7,7,Comedy|Action|Animation,3,7,5,5,5,7,4,4,7,4,7,7,6,3,5,7,7,7,4,7,Suburban,Single,Yes,Oldest,Tuesday|Wednesday|Thursday,1,3,3,2,4,5,3
U0140,F,27,professional,6,7,6,4,4,3,2,5,4,7,2,6,6,Some College,STEM,6,7,7,5,4,4,7,3,5,Drama|Sci-Fi|Documentary,2,7,5,4,4,6,2,3,4,4,4,6,7,4,7,5,5,6,6,7,Suburban,Dating,No,Oldest,Monday|Wednesday|Thursday|Sunday,5,5,7,1,2,5,3
U0141,M,32,professional,7,7,5,4,4,3,1,7,6,7,2,4,5,Master's,Social Sciences,5,5,7,6,6,3,6,6,6,Romance|Documentary|Thriller,6,6,7,5,4,5,3,4,6,7,5,7,4,4,7,5,6,5,7,5,Urban,Single,Yes,Oldest,Monday|Wednesday|Thursday|Saturday,3,7,4,3,6,3,2
U0142,F,31,intellectual,7,7,4,5,2,2,5,7,6,5,5,6,7,Bachelor's,Business,7,7,5,2,4,3,6,4,6,Drama|Sci-Fi|Documentary|Animation,1,7,7,6,3,3,3,4,3,6,5,5,5,5,7,5,7,5,5,7,Suburban,Single,Yes,Youngest,Monday|Tuesday|Thursday,4,5,2,5,7,1,2
U0143,F,27,social,7,4,7,3,5,3,2,2,3,5,6,3,6,Bachelor's,STEM,4,3,4,7,5,6,6,7,6,Comedy|Action|Romance|Horror|Documentary,1,7,5,4,3,7,7,3,6,5,7,7,4,4,4,7,7,7,6,5,Urban,Dating,No,Youngest,Monday|Tuesday,1,6,3,4,1,1,5
U0144,M,27,intellectual,7,7,3,4,4,2,1,7,5,6,6,4,6,Bachelor's,Business,5,7,7,2,3,2,7,3,6,Drama|Sci-Fi|Documentary,3,7,5,5,5,5,4,4,5,7,4,6,5,7,5,5,6,5,6,6,Suburban,Open Relationship,No,Only Child,Monday|Wednesday|Thursday,7,6,2,7,7,5,1
U0145,M,32,intellectual,6,7,3,4,1,1,1,7,4,6,5,6,7,Master's,Arts & Humanities,7,7,7,5,1,2,7,5,6,Drama|Sci-Fi|Documentary,2,7,7,4,6,5,5,5,4,7,2,2,4,6,7,4,7,6,7,6,Suburban,Single,No,Youngest,Monday|Tuesday|Wednesday|Saturday,4,5,5,3,4,5,6
U0146,F,28,adventurer,5,2,7,6,2,1,5,5,5,2,6,1,7,Bachelor's,Arts & Humanities,4,4,7,2,3,4,7,6,7,Comedy|Drama|Action|Sci-Fi|Documentary|Thriller,3,5,6,3,6,7,7,5,4,1,7,7,5,6,4,7,3,5,6,7,Small Town,Single,No,Only Child,Wednesday|Thursday|Friday|Sunday,7,3,5,1,7,2,3
U0147,M,33,traditional,3,7,4,6,5,7,3,1,7,5,3,7,4,High School,Social Sciences,7,4,5,7,3,4,7,4,5,Comedy|Drama|Action|Sci-Fi|Romance,6,4,5,7,2,3,1,5,5,6,4,5,6,7,5,6,1,7,3,5,Rural,Single,No,Oldest,Monday|Wednesday|Friday|Saturday,6,2,1,7,1,7,6
U0148,M,30,social,3,7,7,4,4,3,3,4,6,3,4,4,6,Master's,Social Sciences,4,5,4,7,7,7,4,5,7,Action|Horror|Documentary|Thriller|Animation|Reality,3,4,6,4,4,6,6,4,7,7,4,6,6,7,4,6,4,7,4,5,Suburban,Single,No,Middle,Monday|Wednesday,6,2,1,7,3,6,4
U0149,M,35,adventurer,7,5,4,4,5,1,5,5,1,2,7,2,7,Bachelor's,Business,4,7,7,5,5,5,6,7,7,Comedy|Action|Sci-Fi|Romance|Horror|Documentary|Thriller,3,6,7,2,6,6,6,7,6,7,6,7,7,7,4,5,4,5,5,4,Suburban,Dating,Yes,Youngest,Tuesday|Wednesday|Friday,6,1,7,7,1,3,7
U0150,F,28,intellectual,7,6,5,6,5,3,2,7,4,6,5,5,6,Some College,Business,6,7,7,3,3,3,7,5,4,Drama|Sci-Fi|Documentary|Animation,1,7,7,3,6,4,4,3,2,7,4,4,6,5,5,5,7,7,7,7,Suburban,Dating,No,Oldest,Tuesday|Thursday,5,7,7,2,1,7,5
U0151,F,27,professional,5,6,6,4,3,3,3,5,3,7,4,4,4,Some College,Business,7,3,7,7,2,6,6,6,4,Comedy|Drama|Romance|Documentary,5,6,4,2,1,5,4,4,4,4,4,7,6,6,5,5,4,6,7,5,Suburban,Single,No,Oldest,Tuesday|Wednesday,3,3,1,1,2,4,1
U0152,M,27,intellectual,7,5,3,3,3,2,6,4,3,7,5,5,5,Bachelor's,Business,6,7,7,3,4,1,7,5,7,Drama|Action|Documentary|Thriller|Animation,1,7,5,4,5,1,4,3,3,7,6,5,5,7,7,4,7,6,7,6,Suburban,Dating,No,Middle,Thursday|Friday,1,1,3,7,6,7,7
U0153,F,34,adventurer,6,3,5,6,2,2,6,3,2,5,6,1,6,Some College,Social Sciences,7,6,7,4,4,5,5,6,7,Action|Sci-Fi|Romance|Thriller|Reality,3,5,6,1,6,7,7,6,7,2,5,7,6,6,3,7,6,4,6,6,Suburban,Dating,No,Youngest,Monday|Tuesday,6,2,3,5,1,5,3
U0154,F,21,social,4,2,5,7,5,5,4,5,5,4,4,4,7,Bachelor's,Other,5,1,4,6,6,6,5,6,7,Comedy|Drama|Action|Sci-Fi,2,5,7,2,6,2,5,5,5,3,5,7,6,6,6,7,4,6,5,7,Urban,Dating,No,Middle,Monday|Wednesday|Friday|Saturday,6,1,5,1,5,6,3
U0155,F,32,professional,4,7,5,4,2,4,4,6,6,6,6,5,4,Master's,STEM,4,4,5,6,4,2,5,5,3,Action|Sci-Fi|Thriller,3,4,7,4,4,3,5,5,1,5,6,7,6,6,5,5,7,4,7,5,Suburban,Dating,No,Youngest,Tuesday|Wednesday|Saturday,3,3,1,3,2,1,2
U0156,F,25,intellectual,6,6,5,5,2,1,3,5,7,5,5,5,7,Bachelor's,Business,7,6,6,3,3,2,6,2,7,Drama|Sci-Fi|Horror|Thriller,3,7,7,6,4,5,1,3,4,6,5,6,6,7,7,7,7,6,7,7,Suburban,Single,No,Middle,Monday|Wednesday|Thursday,4,7,4,5,5,1,7
U0157,F,31,traditional,4,7,6,5,5,7,4,1,5,5,2,7,1,Bachelor's,Business,3,4,2,6,3,3,7,6,4,Comedy,6,3,5,7,3,3,2,2,1,4,6,3,5,4,4,4,5,7,5,5,Urban,Single,No,Oldest,Tuesday|Friday|Saturday,7,6,7,6,7,7,3
U0158,M,21,creative,6,5,4,7,5,2,6,2,4,4,7,4,5,Bachelor's,Business,2,7,5,2,6,5,5,5,5,Drama|Sci-Fi,3,6,5,5,4,2,5,6,5,3,5,4,5,7,7,6,7,7,7,7,Small Town,Dating,No,Only Child,Tuesday|Friday|Saturday|Sunday,7,7,4,2,3,4,6
U0159,M,35,intellectual,7,4,3,4,3,3,5,7,4,6,6,6,4,PhD/Professional,Business,7,6,7,3,3,2,7,4,4,Drama|Romance|Horror|Thriller,4,7,7,4,3,4,6,7,6,7,6,4,5,7,7,4,7,6,7,6,Urban,Dating,No,Oldest,Thursday|Friday|Saturday,5,3,4,6,5,4,5
U0160,M,28,creative,6,4,3,6,6,6,7,3,2,5,6,3,4,Bachelor's,Other,4,4,4,2,7,3,7,4,7,Comedy|Action|Sci-Fi|Horror|Documentary|Reality,1,7,6,1,4,6,6,4,6,5,7,4,5,7,5,4,6,4,7,7,Suburban,Prefer Not to Say,No,Middle,Monday|Friday|Saturday|Sunday,6,5,3,6,3,2,5
U0161,F,23,social,6,6,6,5,4,4,3,5,4,2,6,5,6,Some College,Other,2,2,5,7,6,5,5,7,7,Comedy|Sci-Fi|Romance|Animation|Reality,4,5,2,4,5,5,6,5,6,6,4,6,7,4,4,7,4,7,3,3,Rural,Single,No,Oldest,Tuesday|Wednesday|Friday,7,3,2,1,5,5,7
U0162,F,23,traditional,2,7,5,3,6,7,4,3,6,4,5,7,1,Master's,Arts & Humanities,5,5,6,4,2,5,7,4,6,Comedy|Romance|Animation|Reality,6,4,4,5,2,4,2,4,3,6,4,6,7,5,5,4,5,7,4,7,Rural,Single,No,Only Child,Wednesday|Thursday|Sunday,7,1,1,5,3,6,6
U0163,M,39,traditional,2,5,3,4,3,7,4,1,7,5,1,7,2,Some College,Social Sciences,4,6,3,4,1,4,7,5,4,Romance|Documentary|Animation|Reality,6,3,3,6,1,2,4,2,4,6,4,5,6,7,4,5,5,7,6,5,Urban,Dating,Yes,Oldest,Thursday|Friday|Saturday,2,1,2,1,3,1,2
U0164,F,30,social,4,4,6,5,2,4,1,4,6,5,6,3,3,PhD/Professional,Social Sciences,6,2,5,7,7,7,7,4,7,Comedy|Drama|Action|Romance|Animation,1,6,5,5,4,4,4,3,4,3,4,5,7,5,6,7,5,6,7,7,Small Town,Single,No,Oldest,Tuesday|Saturday,1,2,7,1,2,4,7
U0165,M,27,adventurer,7,1,5,7,5,3,5,4,4,4,7,3,4,Bachelor's,STEM,5,5,6,5,5,2,5,7,6,Sci-Fi|Documentary|Thriller,4,4,7,2,6,5,7,7,5,4,5,4,5,4,3,6,4,7,5,7,Rural,Dating,No,Oldest,Monday|Thursday,6,5,7,1,2,2,4
U0166,M,21,creative,7,1,5,3,6,3,3,3,6,5,7,3,5,Some College,STEM,4,6,4,5,7,4,4,4,7,Drama|Romance|Documentary|Animation,1,7,6,3,4,5,7,4,6,5,7,4,7,7,7,4,7,6,6,6,Suburban,Single,No,Oldest,Monday|Wednesday|Thursday|Sunday,2,2,3,1,1,6,2
U0167,M,22,intellectual,7,7,4,5,3,1,6,6,5,5,3,4,6,PhD/Professional,Business,7,6,7,5,2,1,7,2,5,Drama|Action|Sci-Fi|Horror|Documentary|Thriller|Reality,3,7,7,4,7,6,3,5,5,6,4,6,5,7,6,6,6,5,7,7,Small Town,Single,No,Oldest,Monday|Thursday,4,4,5,4,1,4,1
U0168,F,35,intellectual,6,6,4,5,3,3,6,7,1,6,6,7,7,Bachelor's,Social Sciences,6,6,6,3,3,1,5,3,3,Comedy|Sci-Fi|Romance|Documentary|Thriller|Reality,1,7,7,3,5,5,7,6,5,4,4,4,6,7,5,3,7,6,7,7,Suburban,Single,No,Oldest,Monday|Thursday,6,6,1,5,7,5,7
U0169,F,28,adventurer,6,3,6,6,5,3,6,4,3,5,7,3,4,Bachelor's,Health & Medicine,3,4,5,3,6,5,3,4,6,Comedy|Drama|Sci-Fi|Romance|Reality,4,7,4,3,5,6,6,6,4,4,7,7,7,7,5,7,4,2,7,4,Suburban,Single,No,Oldest,Tuesday|Wednesday|Saturday,2,2,3,4,1,3,3
U0170,M,30,traditional,4,7,4,5,3,7,3,2,7,4,4,7,1,Master's,Business,6,5,5,4,5,4,7,4,3,Drama|Romance|Documentary|Animation,5,4,4,6,1,3,1,5,3,5,4,7,4,5,3,2,3,7,4,7,Small Town,Single,No,Youngest,Tuesday|Saturday,3,2,6,4,3,3,3
U0171,M,33,traditional,3,7,3,7,4,4,4,2,7,7,3,7,2,Bachelor's,Social Sciences,4,5,5,3,1,4,6,6,5,Comedy|Sci-Fi|Romance|Horror|Animation,5,5,3,6,3,4,3,1,4,5,2,4,5,5,5,4,5,7,7,2,Urban,Single,Yes,Oldest,Monday|Wednesday|Thursday|Saturday,7,5,4,4,7,6,6
U0172,M,23,adventurer,6,1,7,6,4,3,5,3,2,4,7,2,5,Master's,Business,4,4,7,3,5,4,3,7,7,Action|Romance|Horror|Thriller,1,6,7,3,7,6,5,6,5,3,7,4,7,5,4,6,6,5,5,5,Suburban,Dating,No,Youngest,Wednesday|Thursday,2,7,1,7,6,3,7
U0173,M,43,social,5,5,7,7,4,2,3,7,3,4,7,3,1,Bachelor's,Arts & Humanities,2,2,3,7,6,4,3,7,7,Action|Romance,5,6,4,5,6,2,3,7,5,6,5,6,6,6,6,7,4,6,3,6,Small Town,Prefer Not to Say,No,Oldest,Tuesday|Wednesday|Saturday,1,5,4,1,2,7,4
U0174,F,27,intellectual,5,3,1,6,2,1,3,7,2,5,4,2,5,Bachelor's,Law & Policy,7,6,7,3,4,2,6,4,3,Drama|Documentary,2,7,7,2,4,5,3,4,3,5,4,6,7,7,5,7,7,7,7,7,Rural,Single,Yes,Only Child,Monday|Tuesday|Thursday|Friday,5,1,6,5,7,1,7
U0175,F,29,traditional,3,6,4,7,2,7,5,2,7,3,2,7,5,Master's,Other,5,6,3,5,5,5,7,6,5,Drama|Sci-Fi|Reality,7,5,5,6,4,4,1,2,3,3,5,1,7,7,5,5,4,6,5,6,Rural,Dating,No,Youngest,Thursday|Saturday|Sunday,4,4,6,4,2,2,5
U0176,M,30,intellectual,7,5,4,5,3,1,1,6,4,7,6,6,7,Master's,STEM,7,7,6,4,6,4,4,5,4,Comedy|Sci-Fi|Documentary,1,7,5,5,5,4,3,4,3,6,1,5,5,7,7,6,7,7,7,7,Suburban,Dating,No,Oldest,Friday|Saturday,2,7,6,4,7,3,3
U0177,M,28,traditional,4,7,6,7,5,7,5,3,7,3,2,7,4,Master's,Social Sciences,7,6,3,3,5,3,7,5,4,Comedy|Drama|Action|Sci-Fi|Romance|Animation,5,1,5,5,1,4,3,1,4,4,5,6,6,5,4,5,4,6,3,7,Suburban,Single,No,Only Child,Thursday|Friday,6,7,5,2,6,2,5
U0178,F,34,social,2,4,5,5,1,6,2,1,4,6,4,4,6,High School,Social Sciences,5,5,5,7,7,7,5,7,4,Sci-Fi|Romance|Horror|Thriller|Animation,4,7,7,3,5,5,5,6,6,5,5,7,7,4,5,7,5,7,5,3,Suburban,Dating,No,Middle,Wednesday|Thursday|Saturday|Sunday,5,1,6,7,7,3,1
U0179,F,36,professional,6,7,4,5,2,1,3,3,5,7,6,6,5,Bachelor's,Business,4,4,4,6,3,6,3,7,5,Action|Romance|Thriller|Animation,4,4,6,4,1,3,1,3,3,4,5,3,7,7,4,6,5,4,6,7,Urban,Dating,No,Only Child,Tuesday|Sunday,2,5,6,6,6,3,7
U0180,M,25,adventurer,5,3,4,5,2,1,7,4,3,5,6,3,6,Bachelor's,Business,4,7,5,5,6,6,5,7,7,Action|Reality,4,7,5,4,6,4,5,6,6,1,6,7,4,5,6,7,7,4,5,7,Suburban,Single,No,Oldest,Monday|Tuesday,4,2,1,1,3,4,4
U0181,M,21,intellectual,6,6,1,5,6,3,4,3,3,7,4,7,6,Bachelor's,Other,7,7,7,2,3,4,6,5,4,Drama|Sci-Fi|Romance|Documentary,1,7,6,3,2,3,4,4,5,6,7,6,3,7,7,4,7,5,7,5,Suburban,Open Relationship,No,Youngest,Thursday|Sunday,6,5,7,6,2,6,6
U0182,M,37,adventurer,5,4,6,6,2,1,7,5,3,3,6,2,5,Some College,Business,4,7,7,1,5,4,5,6,7,Comedy|Action|Romance|Horror|Reality,4,5,7,3,4,6,7,7,6,4,6,4,7,6,4,7,7,4,4,5,Rural,Dating,Yes,Oldest,Monday|Tuesday|Thursday,5,7,4,4,2,3,4
U0183,F,25,professional,7,7,6,6,2,4,1,2,4,7,4,7,3,Bachelor's,STEM,7,7,5,6,4,5,7,5,6,Comedy|Drama|Documentary|Thriller|Reality,2,6,7,3,3,6,4,1,4,6,4,7,7,7,4,6,6,5,6,4,Urban,Single,No,Oldest,Tuesday|Wednesday|Friday,5,4,4,1,7,2,7
U0184,F,36,professional,4,7,3,5,2,2,1,6,4,6,4,5,4,Bachelor's,STEM,6,5,7,3,5,2,7,5,6,Thriller|Reality,3,6,3,4,1,6,5,2,4,7,3,5,6,7,7,5,6,5,7,5,Suburban,Dating,No,Youngest,Monday|Tuesday|Saturday|Sunday,4,7,3,4,1,5,5
U0185,F,28,intellectual,7,6,4,6,4,2,5,7,5,6,6,6,5,PhD/Professional,Arts & Humanities,7,6,4,4,7,5,7,3,4,Comedy|Drama|Documentary|Thriller|Animation,2,7,6,7,2,4,4,4,3,6,4,7,7,6,5,5,7,6,7,7,Small Town,Single,No,Oldest,Tuesday|Thursday|Sunday,3,3,4,2,7,1,3
U0186,M,26,traditional,3,7,3,6,3,7,5,5,6,4,3,6,4,Bachelor's,STEM,5,4,5,2,4,3,7,6,1,Romance|Thriller|Reality,6,4,1,6,2,2,1,1,2,5,5,5,7,4,5,7,2,5,7,6,Suburban,Single,No,Middle,Monday|Wednesday|Thursday|Friday,6,2,6,5,4,6,5
U0187,M,21,creative,6,2,4,5,2,2,7,2,5,5,7,3,5,Master's,Health & Medicine,4,7,7,2,5,3,6,4,6,Drama|Action|Documentary|Thriller|Animation,4,7,7,2,1,5,4,2,6,4,5,5,7,7,7,6,5,4,6,7,Small Town,Single,No,Youngest,Monday|Saturday,6,7,5,1,1,3,6
U0188,F,28,traditional,4,6,4,4,3,7,3,1,7,5,3,7,4,Bachelor's,STEM,4,6,3,3,4,3,5,7,4,Comedy|Romance|Horror|Documentary,7,1,6,7,5,6,1,2,4,4,4,4,5,6,3,6,2,7,5,7,Suburban,Prefer Not to Say,No,Oldest,Friday|Saturday|Sunday,2,5,2,2,7,5,3
U0189,F,28,social,6,1,7,6,3,1,4,4,3,6,6,3,6,Master's,Business,4,4,3,7,4,6,2,5,5,Comedy|Action|Romance|Thriller|Animation|Reality,1,5,3,4,6,4,5,5,5,2,4,7,6,5,2,7,4,5,4,7,Urban,Single,No,Youngest,Wednesday|Thursday|Friday|Saturday,2,4,6,6,6,1,4
U0190,M,31,intellectual,7,7,3,5,3,1,3,7,5,5,5,6,7,Master's,Business,7,7,7,3,2,4,7,2,4,Comedy|Drama|Sci-Fi|Documentary|Animation,3,5,6,4,6,5,6,4,4,7,4,4,3,7,6,6,7,7,6,6,Suburban,Dating,No,Middle,Tuesday|Sunday,3,1,6,4,6,6,6
U0191,F,26,adventurer,7,3,3,4,1,2,2,3,1,4,7,2,5,Bachelor's,Business,2,6,7,4,4,3,4,7,7,Comedy|Action|Sci-Fi|Romance,3,6,7,4,5,6,6,6,5,6,4,7,7,7,6,7,7,4,4,6,Urban,Dating,No,Oldest,Tuesday|Thursday|Friday,1,4,3,1,6,4,2
U0192,F,28,professional,2,7,7,5,3,3,5,4,4,7,4,6,4,Master's,Law & Policy,6,6,7,7,2,6,6,5,6,Comedy|Drama,5,7,7,4,5,4,3,3,3,6,6,7,6,5,5,5,3,4,6,7,Suburban,Single,No,Oldest,Monday|Saturday,1,7,5,1,2,3,3
U0193,M,26,professional,4,7,5,5,5,4,2,4,5,7,5,7,7,Bachelor's,STEM,7,4,4,4,5,6,7,7,5,Comedy|Drama|Sci-Fi|Documentary,5,6,2,3,4,5,1,1,4,6,4,6,7,7,3,3,5,6,7,7,Suburban,Single,No,Oldest,Wednesday|Thursday|Friday|Sunday,2,3,4,3,1,6,6
U0194,F,35,traditional,4,7,4,7,3,7,5,2,6,5,6,7,2,Bachelor's,Business,7,5,5,6,1,4,7,4,2,Documentary|Thriller|Animation,4,4,3,5,3,3,4,1,5,5,3,4,7,6,4,5,1,5,4,5,Urban,Single,No,Youngest,Tuesday|Wednesday|Friday|Saturday,6,7,6,1,6,2,1
U0195,M,26,intellectual,7,5,4,7,2,1,4,6,5,6,5,5,5,Master's,STEM,7,7,5,1,3,1,5,2,5,Comedy|Drama|Sci-Fi|Romance|Documentary|Thriller|Animation,1,7,6,2,4,3,5,2,1,4,4,5,5,6,6,7,7,7,7,7,Suburban,Open Relationship,No,Youngest,Monday|Tuesday|Saturday|Sunday,5,7,1,3,3,6,3
U0196,M,26,intellectual,7,4,3,4,4,2,4,7,3,5,5,4,6,Bachelor's,Other,7,7,7,1,2,1,7,4,2,Comedy|Drama|Action|Documentary,5,4,7,5,3,5,3,4,1,7,5,3,6,7,6,5,6,5,6,6,Suburban,Dating,No,Youngest,Tuesday|Saturday,5,1,2,3,7,1,3
U0197,M,27,creative,7,3,3,5,4,2,6,4,6,5,7,4,4,Bachelor's,STEM,4,5,4,3,5,4,6,3,6,Drama|Sci-Fi|Thriller,2,4,5,4,6,4,7,3,4,5,7,5,5,5,6,5,6,7,7,7,Urban,Dating,No,Youngest,Monday|Wednesday|Thursday|Sunday,7,2,7,7,3,6,2
U0198,M,28,professional,5,6,3,5,3,3,4,4,4,7,4,7,5,Bachelor's,STEM,5,6,6,6,5,4,7,4,2,Comedy|Drama|Sci-Fi|Romance|Horror|Documentary|Thriller,5,5,7,3,3,5,4,4,4,6,4,7,7,7,7,6,6,4,7,6,Urban,Open Relationship,No,Oldest,Thursday|Saturday|Sunday,2,3,6,5,1,5,7
U0199,M,22,professional,5,7,5,6,3,3,5,6,5,7,4,7,4,Bachelor's,Business,3,6,7,5,3,4,3,5,4,Comedy|Romance|Thriller,3,3,3,3,4,4,2,4,4,3,6,6,7,6,7,5,2,4,7,6,Suburban,Dating,No,Middle,Monday|Tuesday|Thursday|Saturday,2,1,6,4,4,7,4
U0200,M,31,creative,5,3,7,5,5,2,6,5,5,5,4,6,3,Bachelor's,Other,4,6,5,5,5,3,4,6,6,Action|Sci-Fi|Horror|Thriller|Reality,3,7,7,5,5,6,5,6,6,4,7,6,5,7,6,6,6,4,5,6,Urban,Single,Yes,Middle,Tuesday|Wednesday|Friday|Sunday,2,4,2,4,5,3,2
U0201,M,33,traditional,4,7,4,6,4,7,5,1,5,3,2,7,1,PhD/Professional,Health & Medicine,4,4,5,6,4,5,7,3,2,Drama|Thriller|Animation,5,4,4,6,4,2,2,2,3,5,5,5,7,6,5,6,5,7,7,7,Urban,Single,No,Oldest,Tuesday|Wednesday|Friday|Saturday,6,2,7,7,2,5,1
U0202,F,33,adventurer,6,3,4,7,2,3,3,4,3,4,7,3,4,Bachelor's,STEM,4,5,6,3,3,3,2,7,7,Action|Sci-Fi|Romance|Horror|Documentary|Thriller,4,5,3,2,6,6,7,6,5,4,5,7,5,4,4,6,6,5,6,4,Rural,Dating,No,Oldest,Monday|Wednesday|Saturday,3,1,2,3,6,7,2
U0203,M,31,intellectual,7,4,3,3,1,1,4,7,4,7,6,5,6,Master's,Social Sciences,7,7,5,3,5,5,7,4,7,Drama|Sci-Fi|Romance|Horror|Documentary|Thriller,3,7,7,5,6,2,3,3,4,7,4,6,3,7,5,6,7,7,6,6,Urban,Open Relationship,No,Youngest,Monday|Tuesday|Saturday,1,2,4,2,4,6,3
U0204,M,30,professional,4,5,7,6,2,3,4,7,4,6,6,6,5,Master's,Social Sciences,6,7,6,6,4,5,5,6,4,Comedy|Drama|Romance|Documentary|Thriller|Animation|Reality,5,3,5,4,2,5,3,4,4,7,7,6,5,5,3,5,7,6,7,5,Suburban,Single,No,Youngest,Monday|Tuesday|Friday,7,4,5,1,3,6,2
U0205,F,21,traditional,5,6,2,7,6,7,4,1,7,7,3,7,2,High School,Arts & Humanities,5,5,3,4,4,5,7,6,5,Comedy|Horror|Documentary,6,6,7,7,2,3,2,3,4,6,4,4,7,7,6,6,5,7,4,5,Suburban,Dating,No,Youngest,Tuesday|Thursday|Friday,3,2,7,6,1,1,1
U0206,F,29,adventurer,7,1,5,7,4,1,6,3,4,3,6,1,5,Master's,Health & Medicine,5,5,5,1,4,3,7,5,7,Action,3,6,7,6,5,7,7,5,4,5,6,6,7,7,5,5,6,4,7,5,Urban,Single,No,Oldest,Wednesday|Friday|Saturday,4,7,2,4,1,5,7
U0207,F,27,adventurer,7,3,5,7,4,4,5,3,2,3,6,3,4,Master's,Arts & Humanities,3,7,2,4,3,4,7,6,7,Comedy|Drama|Action|Romance|Animation|Reality,4,4,7,4,7,6,5,6,7,3,5,7,7,4,5,7,5,7,7,5,Rural,Dating,No,Only Child,Thursday|Saturday,3,3,3,3,2,7,7
U0208,M,40,traditional,2,7,6,7,6,4,3,1,7,6,4,5,4,Bachelor's,Health & Medicine,6,4,4,3,3,5,7,4,3,Comedy|Drama,5,5,2,6,1,4,4,1,3,4,4,3,7,4,5,5,1,6,5,6,Suburban,Single,No,Oldest,Wednesday|Friday,4,2,4,7,4,2,7
U0209,F,30,adventurer,7,3,7,5,4,1,6,3,3,3,7,2,6,Some College,Arts & Humanities,4,4,4,4,6,6,5,6,6,Sci-Fi|Thriller,2,5,7,3,6,6,7,7,4,4,7,4,6,7,5,5,6,5,7,7,Suburban,Dating,No,Only Child,Thursday|Sunday,6,5,5,3,7,5,5
U0210,M,25,intellectual,7,6,2,5,4,3,2,6,4,7,5,7,6,Master's,Social Sciences,6,6,6,2,4,5,5,2,5,Drama|Romance|Documentary|Animation,1,6,7,4,5,5,6,4,6,6,6,5,5,7,7,6,6,7,7,7,Suburban,Single,Yes,Youngest,Monday|Tuesday|Thursday|Friday,2,4,4,2,2,1,6
U0211,M,29,social,4,5,6,5,2,5,5,5,5,4,5,2,7,Master's,Health & Medicine,6,3,5,7,6,7,4,6,7,Comedy|Drama|Thriller|Reality,3,6,7,5,7,4,5,6,7,6,4,5,6,4,6,7,5,5,4,7,Urban,Single,Yes,Oldest,Tuesday|Wednesday|Friday,5,1,5,1,2,7,6
U0212,M,26,traditional,2,6,4,7,4,6,3,3,7,6,2,5,3,Some College,Other,4,5,4,5,4,6,7,5,2,Comedy|Romance|Thriller|Animation,5,6,4,7,3,7,2,1,2,6,2,4,6,2,5,7,5,6,4,6,Small Town,Open Relationship,No,Only Child,Monday|Wednesday|Thursday,3,6,4,6,4,3,5
U0213,M,30,traditional,1,7,6,5,2,6,4,1,6,5,3,7,3,Bachelor's,Social Sciences,5,3,5,4,5,5,7,3,2,Drama|Romance|Horror|Documentary|Thriller|Animation,7,5,6,7,3,1,3,1,3,6,3,4,6,2,4,4,4,6,4,5,Small Town,Single,No,Oldest,Monday|Tuesday|Wednesday|Friday,6,2,6,5,3,2,7
U0214,F,35,intellectual,7,6,4,5,3,1,4,6,3,7,7,4,5,Some College,Arts & Humanities,6,5,6,4,4,5,7,5,4,Comedy|Horror|Documentary|Thriller,2,7,4,3,5,5,2,4,1,6,7,7,7,7,7,5,6,7,7,5,Suburban,Single,No,Oldest,Monday|Wednesday|Thursday,7,5,4,7,2,1,6
U0215,F,25,creative,6,5,4,5,6,1,7,5,7,7,6,5,6,Bachelor's,Arts & Humanities,4,4,3,4,5,4,7,6,5,Comedy|Romance|Documentary,3,5,5,3,4,5,7,6,5,3,5,7,7,7,6,6,7,7,5,6,Urban,Dating,No,Oldest,Monday|Friday,2,2,1,5,6,5,6
U0216,M,25,intellectual,6,5,3,4,4,1,5,5,6,5,5,3,6,Some College,Health & Medicine,6,7,6,3,5,1,7,5,6,Drama|Romance|Documentary,4,6,7,6,2,1,5,5,1,6,4,5,5,7,5,6,7,6,4,7,Urban,Dating,No,Oldest,Tuesday|Wednesday|Friday,5,4,1,7,2,7,2
U0217,M,29,intellectual,7,7,2,5,4,1,5,6,4,6,6,5,5,Bachelor's,Social Sciences,7,6,6,1,5,4,7,4,6,Drama|Action|Sci-Fi|Documentary|Thriller,1,5,6,4,4,6,4,7,4,6,5,5,5,5,7,7,6,6,5,7,Small Town,Dating,No,Youngest,Tuesday|Friday,1,6,4,1,7,7,1
U0218,M,31,creative,7,4,3,5,4,3,5,3,4,3,5,5,4,High School,Arts & Humanities,1,7,5,4,6,6,7,5,4,Sci-Fi|Horror|Thriller,2,7,7,3,4,5,6,3,6,5,6,6,7,7,6,6,7,6,7,7,Urban,Dating,No,Oldest,Tuesday|Wednesday|Thursday|Saturday,3,5,6,6,6,3,2
U0219,F,23,traditional,5,7,4,6,5,6,4,2,5,5,6,6,3,Master's,STEM,2,5,3,4,4,3,7,4,2,Comedy|Action|Romance,7,3,3,5,3,4,2,1,3,5,4,6,7,6,7,5,5,7,7,4,Small Town,Single,Yes,Only Child,Monday|Wednesday|Friday,7,6,3,1,5,7,4
U0220,M,21,creative,7,4,5,4,4,5,7,3,3,4,7,1,4,PhD/Professional,Law & Policy,5,6,4,4,6,3,4,5,6,Comedy|Drama|Sci-Fi|Romance|Documentary,1,7,7,3,5,5,6,4,7,5,3,6,7,7,7,7,7,7,7,7,Urban,Dating,No,Oldest,Tuesday|Thursday|Friday,1,5,3,2,7,4,5
U0221,M,34,traditional,5,7,5,4,5,4,2,4,7,5,4,7,3,Bachelor's,Arts & Humanities,5,5,2,4,4,3,7,6,4,Drama|Romance|Animation,6,2,5,5,3,3,3,4,3,5,5,6,6,5,7,4,3,7,7,6,Suburban,Single,No,Oldest,Monday|Wednesday,6,2,3,5,3,4,4
U0222,F,36,traditional,3,5,5,7,4,7,4,1,7,4,3,7,4,Bachelor's,Law & Policy,6,4,4,5,2,6,6,7,3,Comedy|Drama|Action|Horror|Documentary|Animation|Reality,6,4,2,7,4,5,2,1,4,5,3,5,4,5,6,5,5,7,5,7,Rural,Single,No,Oldest,Tuesday|Friday|Saturday|Sunday,1,3,3,1,7,1,7
U0223,F,23,adventurer,5,3,5,5,2,4,4,4,3,3,7,3,4,Some College,Business,4,4,7,3,5,5,6,7,7,Comedy|Drama|Action|Sci-Fi|Romance|Horror|Thriller,4,7,5,5,5,5,7,5,4,4,6,5,5,7,3,6,6,6,6,5,Urban,Open Relationship,No,Only Child,Monday|Tuesday|Sunday,7,1,2,5,5,6,1
U0224,M,32,social,5,5,7,6,4,5,4,3,5,2,5,5,5,Some College,Social Sciences,7,3,6,7,7,7,4,7,7,Comedy|Documentary|Reality,3,6,7,5,5,4,5,6,7,5,5,7,7,5,4,7,6,5,2,7,Rural,Dating,No,Oldest,Tuesday|Wednesday|Friday|Sunday,3,1,4,3,5,5,5
U0225,F,22,intellectual,7,7,3,4,5,5,4,5,6,4,5,4,4,Some College,Business,7,6,7,3,3,3,7,5,5,Drama|Sci-Fi|Documentary|Thriller,3,7,7,6,3,3,6,4,1,6,5,2,7,6,7,5,5,5,6,7,Urban,Single,No,Youngest,Monday|Wednesday|Thursday,6,2,4,1,7,4,5
U0226,F,28,intellectual,7,7,2,5,4,4,2,7,4,5,4,4,7,PhD/Professional,Health & Medicine,7,7,6,4,5,1,7,4,6,Comedy|Drama|Horror|Documentary|Thriller|Animation,4,7,7,5,2,5,6,3,5,7,6,6,3,6,7,6,7,6,7,7,Suburban,Dating,No,Only Child,Thursday|Friday|Saturday,7,4,3,3,6,3,1
U0227,M,29,professional,4,7,6,6,1,2,4,7,4,7,4,4,5,PhD/Professional,Business,4,5,6,5,2,3,7,5,4,Drama|Sci-Fi|Romance|Thriller,3,6,5,3,3,4,3,5,3,6,5,3,7,7,6,7,3,4,7,5,Suburban,Dating,No,Oldest,Tuesday|Saturday,6,4,2,4,4,1,1
U0228,F,26,social,7,3,4,7,4,3,5,5,2,3,7,5,6,Bachelor's,STEM,7,3,6,7,7,7,5,6,7,Comedy|Action|Romance|Documentary|Animation|Reality,1,4,5,3,4,5,6,6,5,7,6,7,6,5,7,7,7,7,6,7,Urban,Single,No,Middle,Monday|Tuesday,3,4,3,7,4,2,4
U0229,M,26,professional,7,7,4,4,4,4,4,5,4,7,4,7,5,Master's,Law & Policy,5,6,5,5,2,3,6,4,5,Comedy|Action|Sci-Fi|Documentary|Thriller,6,5,6,3,4,4,3,4,4,7,6,6,7,7,6,5,5,5,7,6,Suburban,Dating,No,Only Child,Thursday|Friday,3,7,3,5,3,2,5
U0230,F,21,traditional,4,5,5,6,2,7,3,2,7,3,3,7,4,Bachelor's,Arts & Humanities,5,6,4,4,4,3,7,3,4,Action|Sci-Fi|Romance|Thriller|Animation,7,4,6,6,2,5,3,5,2,5,5,6,7,5,4,5,4,7,5,6,Suburban,Single,No,Oldest,Tuesday|Sunday,3,7,5,4,5,2,7
U0231,M,35,creative,7,3,7,7,7,3,7,5,5,5,7,1,5,Some College,Business,3,5,3,3,6,4,5,6,5,Drama|Romance|Documentary|Thriller|Animation|Reality,1,7,6,3,4,7,5,4,7,6,6,2,6,7,7,4,7,7,4,7,Urban,Dating,No,Oldest,Thursday|Friday|Saturday,6,2,3,5,6,3,4
U0232,M,23,social,5,4,7,6,6,5,3,2,5,2,5,3,7,Bachelor's,Business,6,4,6,7,7,7,5,7,6,Comedy|Romance|Thriller|Reality,3,7,6,4,5,5,5,4,7,6,5,6,6,4,6,7,7,7,4,6,Urban,Single,No,Only Child,Tuesday|Friday|Saturday|Sunday,6,3,1,3,2,2,3
U0233,M,24,traditional,4,7,3,5,6,6,6,2,7,7,2,7,4,Bachelor's,STEM,4,5,5,6,2,4,7,5,3,Comedy|Drama|Sci-Fi|Horror|Documentary|Thriller,6,6,4,6,2,5,3,2,5,4,3,5,5,5,5,6,3,7,5,7,Urban,Open Relationship,Yes,Youngest,Monday|Wednesday|Saturday|Sunday,1,1,3,7,3,2,6
U0234,F,24,social,6,7,5,7,5,6,5,4,6,4,7,2,4,Bachelor's,STEM,6,5,5,6,6,7,5,6,6,Drama|Action|Sci-Fi|Romance|Horror|Documentary|Animation|Reality,1,5,6,6,6,6,5,3,6,5,6,7,6,7,6,7,6,7,5,3,Urban,Single,No,Only Child,Tuesday|Friday|Saturday,1,3,2,2,2,6,2
U0235,M,28,intellectual,7,4,3,6,4,1,3,5,4,5,4,5,6,Master's,Health & Medicine,7,5,7,2,6,4,7,4,7,Comedy|Sci-Fi|Documentary,2,7,6,5,6,3,5,3,5,7,4,5,4,7,7,5,7,7,5,7,Urban,Open Relationship,No,Only Child,Tuesday|Wednesday|Sunday,4,7,4,3,6,6,7
U0236,F,21,creative,5,3,3,7,2,3,5,5,3,5,7,2,4,Master's,STEM,4,6,5,5,6,3,4,4,6,Drama|Sci-Fi|Romance|Horror|Thriller,2,7,6,3,3,4,5,4,3,3,7,4,6,7,7,6,7,7,7,7,Suburban,Prefer Not to Say,Yes,Middle,Friday|Saturday,1,6,4,2,4,3,5
U0237,M,26,intellectual,7,7,4,3,3,3,5,7,3,6,4,7,7,PhD/Professional,Business,6,7,7,2,5,3,6,3,6,Action|Sci-Fi|Romance|Documentary|Thriller|Animation,2,6,6,4,4,4,2,4,2,7,6,7,2,7,7,6,7,7,4,6,Urban,Prefer Not to Say,No,Oldest,Tuesday|Wednesday|Friday,4,6,2,5,6,6,4
U0238,M,30,adventurer,7,3,7,6,2,2,7,5,4,5,7,3,5,Some College,Social Sciences,4,4,4,3,6,5,6,6,7,Comedy|Action|Sci-Fi|Romance|Horror|Reality,6,3,7,4,3,6,7,6,6,4,7,7,7,7,4,7,5,4,7,5,Urban,Dating,No,Middle,Monday|Tuesday|Saturday|Sunday,6,7,3,3,2,1,6
U0239,F,27,traditional,5,5,5,7,6,4,6,3,7,6,1,7,6,Master's,STEM,3,5,4,4,4,3,7,7,5,Action|Documentary|Animation,6,3,6,6,1,5,3,2,1,4,4,4,7,6,4,3,6,7,6,6,Urban,Dating,No,Middle,Tuesday|Saturday,1,4,2,5,6,2,7
U0240,M,26,intellectual,7,6,3,6,5,2,7,6,4,4,4,5,6,Master's,Arts & Humanities,6,6,7,5,2,1,5,3,6,Sci-Fi|Romance|Documentary,2,7,6,2,5,6,4,4,4,5,4,7,5,7,6,4,7,5,7,5,Rural,Dating,No,Only Child,Monday|Friday|Sunday,2,7,1,5,2,5,7
U0241,M,29,professional,5,4,5,5,5,4,3,3,3,7,4,5,6,Bachelor's,STEM,4,5,7,5,2,3,5,6,5,Drama|Horror|Thriller,3,6,4,5,4,5,3,3,5,6,5,5,7,7,5,4,5,4,7,4,Suburban,Single,No,Youngest,Wednesday|Friday,4,7,1,2,4,3,6
U0242,F,33,professional,7,7,6,4,4,2,2,2,4,6,4,3,5,Bachelor's,Arts & Humanities,3,6,7,5,5,3,6,6,1,Comedy|Sci-Fi|Documentary|Thriller|Reality,3,5,5,6,2,4,1,5,4,5,5,7,7,7,7,4,4,4,5,6,Suburban,Dating,No,Middle,Tuesday|Wednesday|Thursday,2,5,1,5,7,1,2
U0243,M,33,professional,5,7,7,2,4,4,4,3,4,7,4,5,5,Master's,Health & Medicine,5,5,7,6,4,2,6,6,2,Drama|Action|Documentary|Thriller|Animation,4,4,3,3,1,4,2,4,4,5,3,5,7,7,6,5,6,4,7,7,Small Town,Single,No,Only Child,Monday|Wednesday|Thursday|Saturday,2,4,7,2,3,2,3
U0244,M,32,social,5,7,7,6,4,2,2,3,4,4,6,3,5,High School,Business,4,6,7,7,6,5,5,6,7,Comedy|Action|Romance|Thriller|Animation|Reality,2,7,5,3,5,6,6,5,7,6,6,6,6,5,4,7,5,7,4,5,Suburban,Dating,No,Middle,Wednesday|Sunday,6,6,3,3,7,4,7
U0245,M,30,adventurer,4,3,6,6,4,4,5,4,1,3,5,1,4,Some College,STEM,3,6,3,3,6,5,7,5,7,Action|Romance|Horror,1,7,5,5,5,7,7,5,6,4,4,7,5,5,4,6,4,3,5,5,Small Town,Prefer Not to Say,No,Oldest,Monday|Tuesday,6,2,6,3,6,2,7
U0246,M,31,professional,5,5,3,4,3,1,4,5,3,7,2,6,3,Bachelor's,Social Sciences,4,4,5,5,4,7,6,1,2,Action|Sci-Fi|Documentary,2,7,5,5,4,3,1,4,1,7,5,7,7,6,6,5,5,3,6,7,Urban,Single,No,Middle,Thursday|Friday|Saturday,3,1,1,6,7,6,6
U0247,F,34,social,4,5,7,7,4,5,3,5,5,2,7,6,4,Master's,STEM,6,1,6,7,7,7,3,7,6,Comedy|Drama|Action|Animation|Reality,2,5,4,6,6,4,4,3,7,5,4,7,7,5,5,5,6,6,6,7,Suburban,Single,No,Oldest,Monday|Saturday,3,3,6,1,1,3,5
U0248,F,34,professional,6,6,7,7,4,5,4,5,3,5,3,6,5,Bachelor's,Law & Policy,6,2,7,6,4,2,6,5,6,Drama|Action|Horror|Documentary,6,5,5,3,4,6,3,2,3,4,4,7,7,6,7,5,4,4,7,5,Urban,Single,No,Oldest,Monday|Friday|Saturday,1,6,6,6,2,2,3
U0249,M,33,professional,5,7,5,7,1,3,3,3,6,4,4,7,4,PhD/Professional,Social Sciences,6,5,7,7,4,5,5,5,5,Drama|Horror|Documentary|Thriller|Animation,5,3,4,6,3,7,3,4,4,6,6,6,7,6,4,3,5,6,6,7,Small Town,Single,No,Oldest,Tuesday|Thursday|Friday|Saturday,2,2,3,6,3,7,5
U0250,F,28,professional,5,5,6,3,2,5,1,2,5,7,4,6,5,Master's,Social Sciences,5,7,4,6,5,3,5,6,4,Drama|Action|Thriller,3,6,5,2,5,4,2,3,5,7,3,7,7,6,7,6,3,7,5,5,Rural,Single,No,Only Child,Monday|Wednesday|Friday|Sunday,4,4,4,6,6,7,3
U0251,M,27,intellectual,7,4,2,4,2,2,3,7,6,6,7,7,5,Some College,STEM,4,7,6,3,4,3,7,2,6,Comedy|Drama|Action|Sci-Fi|Documentary|Thriller,1,7,7,2,4,4,3,5,3,5,4,6,4,7,7,5,7,7,7,7,Urban,Dating,No,Oldest,Thursday|Saturday|Sunday,2,7,6,7,5,1,7
U0252,F,34,social,4,5,7,6,5,3,3,5,4,6,7,3,7,High School,STEM,5,5,5,7,6,4,6,6,7,Action|Sci-Fi|Animation,5,4,4,5,4,7,4,7,6,5,6,7,7,3,4,7,4,7,4,5,Small Town,Dating,No,Youngest,Tuesday|Wednesday|Friday,5,6,3,4,5,5,7
U0253,M,33,professional,7,7,6,5,4,3,1,6,3,7,5,5,4,Bachelor's,Law & Policy,7,4,6,6,6,2,6,7,4,Drama|Sci-Fi|Romance,5,6,4,5,4,6,1,5,5,5,5,7,6,5,6,4,5,6,7,6,Suburban,Single,No,Middle,Monday|Tuesday|Thursday|Saturday,6,1,5,7,7,3,7
U0254,M,28,intellectual,7,6,3,6,2,4,1,6,4,4,5,5,5,PhD/Professional,STEM,6,6,5,5,4,1,7,4,4,Comedy|Romance|Documentary|Thriller,2,7,5,3,1,6,5,4,3,5,5,6,4,6,7,7,7,5,7,7,Suburban,Dating,No,Middle,Monday|Wednesday|Sunday,6,6,6,7,7,5,2
U0255,M,34,intellectual,7,5,4,7,3,3,3,6,4,7,7,5,7,Bachelor's,STEM,7,7,6,2,3,4,5,5,4,Sci-Fi|Romance|Thriller,3,7,7,5,6,6,4,2,3,3,4,5,4,7,7,5,6,6,6,7,Urban,Single,No,Youngest,Friday|Sunday,3,1,6,7,5,4,5
U0256,M,25,traditional,3,7,4,7,2,7,5,2,6,3,3,7,4,Some College,Health & Medicine,5,5,3,5,3,4,7,5,5,Comedy|Romance|Documentary|Animation|Reality,6,2,4,5,2,6,1,1,1,7,5,5,7,2,6,4,6,7,5,5,Suburban,Single,No,Only Child,Tuesday|Friday,7,1,4,2,6,6,1
U0257,M,35,professional,6,7,6,4,3,1,2,6,6,7,5,5,6,PhD/Professional,STEM,5,7,6,5,5,5,6,6,4,Comedy|Action|Romance|Documentary,4,6,4,4,2,3,4,2,5,6,6,4,6,5,7,6,5,4,7,5,Suburban,Dating,No,Youngest,Monday|Wednesday|Thursday,2,3,6,7,5,7,7
U0258,M,24,traditional,2,4,5,7,5,7,6,3,7,5,1,7,3,Bachelor's,STEM,7,5,3,5,5,6,7,5,2,Drama|Action|Romance|Horror|Animation,5,5,2,7,3,4,2,3,3,4,5,6,5,6,5,5,3,7,6,5,Urban,Single,No,Oldest,Monday|Wednesday|Friday|Saturday,4,6,3,2,7,5,3
U0259,F,31,traditional,2,7,7,7,5,6,2,3,6,7,1,7,4,High School,STEM,6,6,4,4,4,4,7,5,3,Comedy|Drama|Romance|Thriller,4,2,4,6,2,3,2,3,1,4,4,7,7,5,5,5,4,7,5,4,Small Town,Open Relationship,No,Only Child,Tuesday|Friday|Saturday|Sunday,1,6,7,3,5,2,7
U0260,M,30,adventurer,4,3,7,5,5,1,5,4,6,4,5,5,5,Bachelor's,STEM,5,3,6,3,4,6,3,5,7,Drama|Action|Documentary|Thriller,2,4,6,3,7,6,5,5,4,3,6,6,3,7,5,5,6,2,4,7,Suburban,Open Relationship,Yes,Youngest,Monday|Saturday,4,4,7,1,1,6,7
U0261,F,23,traditional,3,5,4,6,6,7,5,4,6,5,6,7,4,Bachelor's,Other,6,3,4,4,3,3,6,4,4,Comedy|Drama|Sci-Fi|Thriller,7,6,6,7,2,3,2,1,4,6,5,6,5,6,4,4,5,7,6,6,Suburban,Single,No,Middle,Monday|Friday,2,6,5,5,5,1,5
U0262,M,23,professional,4,7,4,3,4,5,5,7,7,6,4,4,3,Bachelor's,Law & Policy,7,5,7,4,3,5,7,3,5,Drama|Action|Romance,5,6,6,4,1,2,3,3,3,7,4,5,7,5,6,5,5,6,7,4,Urban,Single,No,Only Child,Wednesday|Sunday,6,4,5,1,3,1,5
U0263,F,32,adventurer,5,2,7,3,3,1,6,4,2,4,7,1,4,Master's,STEM,5,5,4,6,5,5,5,7,5,Comedy|Sci-Fi|Documentary|Thriller|Reality,3,7,6,1,5,6,7,6,6,2,4,5,7,6,5,6,6,4,7,5,Small Town,Dating,No,Middle,Tuesday|Sunday,7,5,7,4,5,4,1
U0264,F,21,social,6,3,5,4,5,6,2,3,5,1,5,4,6,Some College,STEM,4,3,4,5,6,7,5,7,7,Comedy|Sci-Fi|Romance|Horror|Animation|Reality,4,5,7,3,6,5,6,5,6,5,6,7,7,5,4,7,4,6,5,5,Small Town,Prefer Not to Say,No,Middle,Monday|Wednesday|Friday|Saturday,1,1,5,6,6,5,1
U0265,F,27,professional,4,7,5,4,4,4,4,4,5,7,4,3,4,Master's,Arts & Humanities,5,6,5,3,4,4,5,5,3,Action|Sci-Fi|Romance|Documentary|Thriller|Animation,5,5,5,5,2,5,3,7,5,5,7,7,7,5,4,6,4,4,7,7,Suburban,Single,No,Oldest,Wednesday|Thursday|Saturday|Sunday,3,4,5,4,5,2,6
U0266,M,25,creative,7,5,5,6,6,2,7,5,4,4,6,2,7,Some College,Other,5,7,4,4,4,5,5,5,6,Comedy|Drama|Sci-Fi|Thriller|Animation|Reality,2,5,5,2,4,5,7,4,2,5,7,6,6,6,5,7,7,5,6,6,Suburban,Single,No,Oldest,Tuesday|Wednesday|Thursday|Sunday,6,6,4,2,7,6,7
U0267,M,29,traditional,4,7,5,7,5,5,4,2,7,4,4,7,3,Bachelor's,Law & Policy,5,4,2,4,3,5,7,4,3,Drama|Documentary|Thriller|Reality,7,4,5,7,2,4,3,1,2,4,3,5,5,4,5,6,5,7,7,7,Suburban,Single,No,Oldest,Monday|Tuesday|Saturday|Sunday,5,1,2,1,7,5,7
U0268,F,32,creative,7,2,6,5,5,4,5,6,3,2,4,3,4,Bachelor's,STEM,4,5,6,4,5,5,6,5,7,Comedy|Action|Sci-Fi|Documentary|Animation,3,5,7,2,6,7,6,5,5,4,5,6,7,7,5,5,7,5,7,6,Rural,Dating,No,Oldest,Thursday|Friday|Sunday,3,4,5,5,1,2,5
U0269,M,31,social,5,3,7,7,5,4,5,5,5,6,6,6,6,Some College,Social Sciences,2,2,3,6,6,7,4,7,6,Comedy,3,3,7,6,5,3,5,5,5,7,7,4,5,6,4,7,5,7,6,7,Urban,Dating,Yes,Only Child,Monday|Wednesday|Sunday,7,5,5,7,1,2,5
U0270,F,28,intellectual,7,5,1,4,3,3,4,7,5,7,4,5,7,Some College,Social Sciences,7,7,7,2,2,4,5,4,4,Drama|Action|Sci-Fi|Animation,2,7,7,5,3,4,3,3,5,5,4,4,6,7,4,7,7,3,7,7,Urban,Single,No,Only Child,Monday|Saturday|Sunday,5,6,2,7,3,2,5
U0271,M,30,creative,6,4,1,4,4,5,7,4,4,4,6,3,7,Some College,Other,3,6,5,5,5,4,3,6,4,Comedy|Drama|Horror|Animation,3,7,7,3,5,6,7,5,5,6,6,5,5,7,6,6,5,7,5,7,Small Town,Prefer Not to Say,No,Oldest,Saturday|Sunday,5,5,5,1,2,4,4
U0272,F,25,creative,5,1,6,6,4,3,6,5,4,5,5,3,4,Master's,STEM,3,3,6,6,4,5,6,4,5,Comedy|Drama|Sci-Fi|Thriller|Animation,4,7,7,2,6,5,7,7,7,5,3,5,7,7,7,5,7,4,6,7,Urban,Dating,No,Only Child,Monday|Tuesday|Wednesday|Sunday,3,4,1,6,4,3,3
U0273,F,27,professional,5,7,5,4,3,6,3,6,4,7,4,5,5,Bachelor's,Arts & Humanities,4,5,7,5,3,4,5,5,3,Action|Romance|Documentary,5,5,4,4,6,4,4,4,5,7,5,6,7,5,7,5,7,4,5,7,Suburban,Single,No,Oldest,Tuesday|Thursday|Friday|Saturday,6,7,3,7,1,4,3
U0274,M,26,professional,4,7,6,5,4,3,1,3,6,5,3,7,3,Bachelor's,Law & Policy,5,5,6,4,4,5,6,4,6,Drama|Sci-Fi|Documentary|Thriller,6,6,4,3,4,5,1,3,4,7,4,7,7,5,6,5,5,5,6,4,Urban,Dating,No,Oldest,Wednesday|Friday|Sunday,3,6,7,5,2,5,1
U0275,F,33,social,6,6,7,5,4,5,5,6,5,3,7,4,6,Some College,Arts & Humanities,5,4,4,6,3,6,6,7,6,Drama|Romance|Horror|Animation,5,5,7,5,5,7,5,4,7,6,7,7,7,4,5,7,5,5,5,7,Urban,Open Relationship,No,Oldest,Thursday|Friday|Sunday,4,3,5,6,7,3,2
U0276,M,27,social,5,5,7,5,3,3,7,4,6,1,5,4,7,High School,Business,6,2,7,7,7,7,5,7,6,Comedy|Drama|Action|Sci-Fi|Romance|Animation|Reality,3,4,5,7,5,4,4,5,7,5,5,7,7,6,6,7,5,7,6,7,Urban,Prefer Not to Say,No,Oldest,Monday|Wednesday|Sunday,5,5,1,1,4,5,3
U0277,F,26,creative,7,3,5,6,3,2,6,2,4,5,7,3,7,PhD/Professional,Business,4,4,5,4,7,4,5,6,5,Drama|Sci-Fi|Thriller|Animation,3,6,6,3,3,6,6,4,3,4,5,3,4,4,6,7,7,5,4,4,Suburban,Single,No,Oldest,Thursday|Friday,6,4,5,2,7,7,3
U0278,F,33,traditional,4,6,3,5,5,7,6,2,7,6,3,7,5,Bachelor's,Arts & Humanities,7,7,3,2,2,4,6,5,3,Drama|Documentary|Thriller|Animation,4,5,4,7,3,5,1,2,4,6,4,5,7,7,4,4,3,7,5,7,Urban,Dating,No,Middle,Thursday|Saturday|Sunday,6,4,4,6,3,7,7
U0279,M,28,creative,6,5,7,4,4,4,6,4,6,4,5,1,5,Bachelor's,Other,4,7,7,6,5,3,3,5,7,Comedy|Drama|Sci-Fi|Documentary|Animation,1,4,7,2,5,5,4,6,3,6,6,5,6,7,5,6,6,3,7,7,Small Town,Single,No,Middle,Tuesday|Thursday|Sunday,4,7,1,3,6,7,3
U0280,M,23,creative,7,4,3,4,6,2,7,6,4,3,5,3,4,Bachelor's,Social Sciences,5,5,5,5,6,3,6,7,6,Comedy|Documentary|Animation,4,6,7,6,4,5,7,5,4,5,4,5,6,7,7,6,7,5,4,5,Suburban,Dating,No,Youngest,Monday|Wednesday|Saturday,6,7,4,2,3,3,7
U0281,M,36,professional,5,7,7,5,2,4,5,3,6,7,4,7,4,Bachelor's,Arts & Humanities,7,5,4,4,5,3,7,7,7,Documentary|Reality,4,5,3,5,3,6,5,2,4,6,4,6,7,6,7,3,6,6,6,5,Suburban,Single,No,Only Child,Wednesday|Sunday,6,3,2,6,3,2,2
U0282,F,33,intellectual,7,7,2,5,4,4,4,6,5,5,7,4,4,Bachelor's,Business,7,7,7,4,4,3,5,1,5,Comedy|Documentary|Thriller,4,7,7,6,4,4,3,7,5,5,3,7,4,7,3,7,7,6,7,7,Urban,Dating,No,Youngest,Tuesday|Wednesday,1,2,2,4,1,2,4
U0283,M,30,social,6,5,7,6,5,4,5,3,4,2,7,4,7,Master's,STEM,4,3,6,7,5,6,4,7,6,Comedy|Sci-Fi|Romance|Thriller|Animation,1,5,6,3,4,5,7,1,7,6,4,6,6,5,7,7,6,7,6,5,Urban,Open Relationship,No,Youngest,Thursday|Friday|Saturday|Sunday,5,6,5,2,1,3,7
U0284,F,29,adventurer,5,5,5,5,2,1,4,6,2,5,5,4,7,Bachelor's,Business,3,5,7,2,7,5,4,6,6,Comedy|Action|Thriller,3,4,5,4,4,7,7,7,6,2,6,4,5,6,4,5,4,7,6,7,Urban,Single,Yes,Oldest,Monday|Tuesday|Wednesday,3,3,1,5,2,2,4
U0285,F,26,traditional,2,6,3,5,5,7,5,2,7,6,1,6,3,Bachelor's,Business,5,4,5,7,3,4,7,3,4,Comedy|Action|Romance|Horror|Thriller,7,3,2,6,3,3,5,1,2,5,5,5,7,4,7,6,5,7,6,5,Suburban,Dating,No,Oldest,Wednesday|Saturday|Sunday,2,5,1,3,2,5,5
U0286,M,30,adventurer,5,2,7,4,2,1,5,6,3,6,7,2,4,High School,Business,6,6,7,4,4,5,6,7,7,Comedy|Action|Thriller,6,6,7,3,6,7,7,6,4,5,5,7,5,5,5,7,5,4,7,6,Urban,Single,No,Oldest,Tuesday|Wednesday|Thursday|Saturday,2,4,2,6,5,5,3
U0287,M,30,social,7,2,7,5,5,3,5,4,3,3,6,3,4,Bachelor's,Other,3,2,4,7,5,7,5,7,7,Comedy|Drama|Sci-Fi|Romance|Documentary|Reality,2,5,6,3,4,6,4,5,4,6,5,7,7,5,3,7,7,7,4,6,Small Town,Open Relationship,No,Only Child,Monday|Wednesday|Friday|Saturday,6,4,5,4,6,4,2
U0288,F,25,social,7,3,6,7,6,5,3,5,3,3,3,3,3,Master's,Social Sciences,6,5,6,7,6,7,4,5,5,Action|Romance|Documentary|Thriller|Reality,1,6,6,3,5,6,5,4,5,7,5,7,5,4,3,7,5,6,5,7,Suburban,Open Relationship,Yes,Youngest,Friday|Sunday,4,4,3,5,2,3,5
U0289,F,38,intellectual,6,5,1,5,5,2,3,6,5,7,4,6,6,PhD/Professional,Arts & Humanities,7,7,7,2,3,5,7,3,3,Comedy|Action|Documentary|Animation,2,6,7,4,2,3,5,5,4,6,4,5,6,7,7,5,5,5,7,7,Suburban,Single,Yes,Youngest,Friday|Saturday,5,7,7,7,3,2,7
U0290,M,28,traditional,2,4,3,3,5,7,5,3,7,2,1,6,3,PhD/Professional,Law & Policy,5,5,4,2,2,4,7,4,4,Comedy|Drama|Action|Horror|Documentary|Animation|Reality,5,3,5,6,3,4,1,2,2,5,4,5,4,7,4,6,3,7,6,6,Urban,Dating,No,Only Child,Wednesday|Thursday,5,6,5,5,3,4,2
U0291,M,32,adventurer,4,3,5,5,2,1,6,4,2,4,7,2,6,Bachelor's,Arts & Humanities,3,6,7,2,3,5,6,6,6,Action|Romance|Horror,3,6,5,4,7,6,7,7,4,3,6,5,5,7,7,6,5,5,7,7,Suburban,Dating,No,Oldest,Thursday|Saturday,5,2,3,5,3,7,4
U0292,M,23,adventurer,7,2,5,4,2,1,6,2,5,3,7,1,5,Master's,Arts & Humanities,4,5,5,4,4,5,6,7,7,Drama|Action,3,5,6,4,5,7,6,7,6,3,4,6,3,6,3,7,6,5,7,7,Suburban,Single,Yes,Oldest,Friday|Sunday,5,5,5,6,2,6,6
U0293,M,22,creative,7,2,4,4,5,2,6,5,1,5,5,4,4,Master's,Social Sciences,6,7,6,5,5,3,6,4,7,Sci-Fi|Horror,2,7,7,2,5,7,7,5,4,5,7,5,6,6,7,6,6,5,3,6,Urban,Open Relationship,No,Youngest,Wednesday|Thursday,1,5,6,3,2,1,1
U0294,M,23,social,5,4,5,4,5,5,4,5,5,4,4,2,7,PhD/Professional,Business,6,1,5,7,6,6,5,7,7,Comedy|Drama|Action|Animation|Reality,3,5,6,5,5,5,5,4,7,4,4,7,5,3,5,5,3,7,5,7,Suburban,Single,Yes,Youngest,Wednesday|Saturday,6,1,7,1,7,5,6
U0295,F,33,adventurer,7,3,5,5,6,2,4,3,1,4,7,1,5,Some College,STEM,2,5,7,2,7,4,5,7,7,Comedy|Action|Sci-Fi|Thriller|Reality,3,3,7,3,7,7,6,6,7,3,7,5,4,6,7,4,5,6,6,6,Urban,Single,No,Middle,Tuesday|Wednesday|Thursday|Saturday,1,1,1,7,4,7,3
U0296,F,28,social,5,3,7,7,4,4,6,6,4,4,3,5,7,Some College,Arts & Humanities,6,2,7,7,5,7,6,7,7,Comedy|Drama|Action|Romance|Documentary|Animation,5,3,3,4,7,7,3,7,7,4,5,7,7,5,6,7,5,7,7,5,Rural,Open Relationship,No,Oldest,Saturday|Sunday,4,1,1,6,3,2,5
U0297,F,27,creative,6,2,5,5,5,4,6,5,4,5,6,3,5,Bachelor's,Social Sciences,4,5,4,5,5,4,6,5,7,Comedy|Action|Sci-Fi|Documentary|Thriller|Animation,1,5,4,5,4,7,5,7,7,3,5,6,7,7,5,7,7,4,6,5,Suburban,Dating,No,Only Child,Monday|Tuesday|Wednesday|Friday,7,4,1,7,3,4,5
U0298,F,31,intellectual,7,5,3,6,2,2,7,5,4,5,3,6,5,Bachelor's,Business,7,7,6,2,5,2,6,2,6,Drama|Sci-Fi|Romance|Horror|Documentary|Thriller,1,7,5,2,5,4,3,3,3,7,5,5,4,7,6,6,7,7,4,7,Rural,Single,Yes,Oldest,Wednesday|Saturday,3,2,7,1,2,3,1
U0299,M,21,traditional,2,6,6,4,5,7,4,1,7,4,6,7,1,Master's,Law & Policy,4,5,2,2,3,5,7,5,4,Drama|Action|Documentary|Animation,6,5,2,5,3,4,2,2,4,3,2,4,7,4,5,5,4,7,6,7,Small Town,Single,No,Youngest,Wednesday|Saturday,2,2,7,1,2,5,7
U0300,M,28,adventurer,5,3,6,5,4,1,5,6,5,5,7,1,5,Some College,Arts & Humanities,4,5,7,3,5,4,3,7,7,Drama|Action|Sci-Fi|Documentary|Thriller|Reality,4,6,3,5,5,7,7,5,4,3,5,4,5,7,6,5,3,6,5,5,Urban,Single,Yes,Middle,Monday|Wednesday|Friday|Saturday,3,5,3,5,4,5,2
